season,week,celebrity_name,fan_share_lb,fan_share_ub
1,2,Evander Holyfield,0.01633058676556415,0.8337365142731646
1,3,Evander Holyfield,0.00016472511365409227,0.47935593978889507
1,2,Joey McIntyre,2.352875345901342e-05,0.8282631022117559
1,3,Joey McIntyre,5.909606114482846e-08,0.8830767247439398
1,4,Joey McIntyre,0.26627495583689387,0.8949685764248657
1,2,John O'Hurley,6.263576366799206e-05,0.7634313322263221
1,3,John O'Hurley,1.9275213867305257e-06,0.9485322772378997
1,4,John O'Hurley,0.05153075333556851,0.4482043324309289
1,2,Kelly Monaco,0.007881161071171497,0.8236711762737867
1,3,Kelly Monaco,0.01173125467678175,0.94591109392176
1,4,Kelly Monaco,0.011065333073030653,0.32554251928306044
1,2,Rachel Hunter,7.747051301820579e-07,0.8751683573704843
1,3,Rachel Hunter,4.549073257769852e-11,0.8936366417212337
1,4,Rachel Hunter,2.6703330277016323e-05,0.23553704528036593
1,2,Trista Sutter,1.7002708904739477e-05,0.21153817320929744
2,1,Drew Lachey,1.3102553479863833e-06,0.6227985850357046
2,2,Drew Lachey,1.1112935038320509e-10,0.839396877993088
2,3,Drew Lachey,3.1078871955007203e-09,0.8121039680273283
2,4,Drew Lachey,3.4792027497251424e-10,0.8445528119150051
2,5,Drew Lachey,3.245323014991211e-08,0.8548399135382959
2,6,Drew Lachey,1.3338980279427479e-06,0.8729668242684374
2,7,Drew Lachey,1.939852127159719e-06,0.9545829893536609
2,1,George Hamilton,0.001130832729129103,0.6254388483300812
2,2,George Hamilton,1.3510252340643285e-09,0.8579296213226663
2,3,George Hamilton,1.975078098666137e-06,0.8603337074847209
2,4,George Hamilton,0.0005899113317138827,0.8951003364422558
2,5,George Hamilton,0.00029624163979618406,0.9675482327337508
2,6,George Hamilton,0.000138824270260477,0.4722465172068735
2,1,Giselle Fernandez,1.7186636963216544e-05,0.6514877209738243
2,2,Giselle Fernandez,1.2783866265648784e-09,0.9013659601256632
2,3,Giselle Fernandez,1.0111493424237322e-09,0.15214915049799993
2,1,Jerry Rice,2.257400507870136e-06,0.6574046731428552
2,2,Jerry Rice,2.3412862796217256e-09,0.8342715212288138
2,3,Jerry Rice,3.730808430983751e-05,0.8405482192383645
2,4,Jerry Rice,1.364199781747067e-08,0.856404744312041
2,5,Jerry Rice,4.568283184767088e-07,0.9314659422779749
2,6,Jerry Rice,0.002787742508078933,0.9075595111539199
2,7,Jerry Rice,0.017180043675626856,0.9838710586442472
2,1,Kenny Mayne,4.937963486538546e-07,0.14878627450319823
2,1,Lisa Rinna,5.999038775167485e-06,0.6825828489586735
2,2,Lisa Rinna,2.4094859089383774e-08,0.8714835702132493
2,3,Lisa Rinna,7.231132372474001e-07,0.8795960613175654
2,4,Lisa Rinna,4.488967147620282e-08,0.85516901406514
2,5,Lisa Rinna,4.445573583746174e-06,0.922850396493436
2,6,Lisa Rinna,1.6996328344378428e-05,0.8887829448058056
2,7,Lisa Rinna,0.00010467084739584802,0.4937500690208908
2,1,Master P,0.0027544446522920927,0.6770427378269924
2,2,Master P,0.00010289011804038415,0.9280535097580166
2,3,Master P,0.0016917151381910687,0.9099319342909857
2,4,Master P,4.149792566335657e-07,0.3968685835021016
2,1,Stacy Keibler,1.2732302149636883e-06,0.6436067795473517
2,2,Stacy Keibler,3.252164004451746e-09,0.9077633720781745
2,3,Stacy Keibler,4.0800349314375835e-09,0.8515854101454473
2,4,Stacy Keibler,7.939058820781102e-10,0.872832462887003
2,5,Stacy Keibler,1.316652319779156e-08,0.8946427258567445
2,6,Stacy Keibler,1.1111397660874674e-07,0.8633959644430879
2,7,Stacy Keibler,1.4549711970962107e-06,0.8950682284580532
2,1,Tatum O'Neal,9.668810657402281e-06,0.650452360014934
2,2,Tatum O'Neal,1.8618295489430776e-13,0.20180465999008837
2,1,Tia Carrere,1.4620134059312952e-05,0.6313237009858618
2,2,Tia Carrere,1.4922652846337923e-08,0.9271462711783793
2,3,Tia Carrere,1.2739409105216423e-07,0.8758628683163662
2,4,Tia Carrere,5.047743893593032e-09,0.9058570563860008
2,5,Tia Carrere,1.6913814156541882e-07,0.7129711953089493
3,1,Emmitt Smith,0.0,1.0
3,2,Emmitt Smith,0.0,0.9739130434782609
3,3,Emmitt Smith,0.0144927536231884,0.9951690821256038
3,4,Emmitt Smith,0.0,0.9696969696969696
3,5,Emmitt Smith,0.0,0.9558011049723756
3,7,Emmitt Smith,0.0,1.0
3,8,Emmitt Smith,0.0,1.0
3,1,Harry Hamlin,0.0,1.0
3,2,Harry Hamlin,0.004347826086956524,0.9782608695652174
3,3,Harry Hamlin,0.0,0.11594202898550726
3,1,Jerry Springer,0.0,1.0
3,2,Jerry Springer,0.013043478260869573,0.9869565217391305
3,3,Jerry Springer,0.004830917874396129,0.9855072463768116
3,4,Jerry Springer,0.01010101010101011,0.9797979797979798
3,5,Jerry Springer,0.01657458563535913,0.9723756906077348
3,7,Jerry Springer,0.0,0.22962962962962963
3,1,Joey Lawrence,0.0,1.0
3,2,Joey Lawrence,0.0,0.9739130434782609
3,3,Joey Lawrence,-0.0,0.9806763285024155
3,4,Joey Lawrence,0.0,0.9696969696969696
3,5,Joey Lawrence,0.011049723756906077,0.9668508287292816
3,7,Joey Lawrence,0.0,1.0
3,8,Joey Lawrence,0.0,1.0
3,1,Mario Lopez,0.0,1.0
3,2,Mario Lopez,0.004347826086956524,0.9782608695652174
3,3,Mario Lopez,0.0,0.9806763285024155
3,4,Mario Lopez,0.0,0.9696969696969696
3,5,Mario Lopez,0.0,0.9558011049723756
3,7,Mario Lopez,0.0,1.0
3,8,Mario Lopez,0.0,1.0
3,1,Monique Coleman,0.0,1.0
3,2,Monique Coleman,0.0,0.9739130434782609
3,3,Monique Coleman,0.0,0.9806763285024155
3,4,Monique Coleman,0.0,0.9696969696969696
3,5,Monique Coleman,-0.0,0.9558011049723756
3,7,Monique Coleman,0.0,1.0
3,8,Monique Coleman,0.0,0.25688073394495414
3,1,Sara Evans,0.0,1.0
3,2,Sara Evans,0.004347826086956524,0.9782608695652174
3,3,Sara Evans,0.0,0.9806763285024155
3,4,Sara Evans,0.020202020202020207,0.9898989898989898
3,5,Sara Evans,0.01657458563535913,0.9723756906077348
3,1,Shanna Moakler,0.0,1.0
3,2,Shanna Moakler,0.0,0.10434782608695649
3,1,Tucker Carlson,0.0,0.1252144082332762
3,1,Vivica A. Fox,0.0,1.0
3,2,Vivica A. Fox,0.0,0.9739130434782609
3,3,Vivica A. Fox,0.0,0.9806763285024155
3,4,Vivica A. Fox,0.0,0.12878787878787878
3,1,Willa Ford,0.0,1.0
3,2,Willa Ford,0.0,0.9739130434782609
3,3,Willa Ford,0.0,0.9806763285024155
3,4,Willa Ford,0.0,0.9696969696969696
3,5,Willa Ford,0.0,0.13654301499605365
4,2,Apolo Anton Ohno,0.0,0.983673469387755
4,3,Apolo Anton Ohno,0.0,0.9724770642201835
4,4,Apolo Anton Ohno,0.0,0.9947368421052631
4,5,Apolo Anton Ohno,0.0,1.0
4,6,Apolo Anton Ohno,0.0,0.9647058823529412
4,7,Apolo Anton Ohno,0.0,0.9773462783171522
4,8,Apolo Anton Ohno,0.0,1.0
4,9,Apolo Anton Ohno,0.0,1.0
4,2,Billy Ray Cyrus,0.0,0.983673469387755
4,3,Billy Ray Cyrus,0.0,0.9724770642201835
4,4,Billy Ray Cyrus,0.0,0.9947368421052631
4,5,Billy Ray Cyrus,0.0,1.0
4,6,Billy Ray Cyrus,0.011764705882352927,0.9764705882352941
4,7,Billy Ray Cyrus,0.02265372168284789,1.0
4,8,Billy Ray Cyrus,0.0,0.248605577689243
4,2,Clyde Drexler,0.012244897959183668,0.9959183673469387
4,3,Clyde Drexler,0.022935779816513763,0.9954128440366973
4,4,Clyde Drexler,0.005263157894736845,1.0
4,5,Clyde Drexler,0.0,0.17613636363636362
4,2,Heather Mills,0.0,0.983673469387755
4,3,Heather Mills,0.0,0.9724770642201835
4,4,Heather Mills,0.0,0.9947368421052631
4,5,Heather Mills,0.0,1.0
4,6,Heather Mills,0.0,0.15042016806722686
4,2,Ian Ziering,0.0,0.983673469387755
4,3,Ian Ziering,0.0,0.9724770642201835
4,4,Ian Ziering,0.0,0.9947368421052631
4,5,Ian Ziering,0.0,1.0
4,6,Ian Ziering,0.0,0.9647058823529412
4,7,Ian Ziering,0.0,0.9773462783171522
4,8,Ian Ziering,0.0,1.0
4,9,Ian Ziering,0.0,0.2552742616033755
4,2,Joey Fatone,0.0,0.983673469387755
4,3,Joey Fatone,0.0,0.9724770642201835
4,4,Joey Fatone,0.0,0.9947368421052631
4,5,Joey Fatone,0.0,1.0
4,6,Joey Fatone,0.0,0.9647058823529412
4,7,Joey Fatone,0.0,0.9773462783171522
4,8,Joey Fatone,0.0,1.0
4,9,Joey Fatone,0.0,1.0
4,2,John Ratzenberger,-0.0,0.983673469387755
4,3,John Ratzenberger,0.0045871559633027525,0.9770642201834863
4,4,John Ratzenberger,-0.0,0.9947368421052631
4,5,John Ratzenberger,0.0,1.0
4,6,John Ratzenberger,0.023529411764705868,0.9882352941176471
4,7,John Ratzenberger,0.0,0.18770226537216828
4,2,Laila Ali,0.0,0.983673469387755
4,3,Laila Ali,0.0,0.9724770642201835
4,4,Laila Ali,0.0,0.9947368421052631
4,5,Laila Ali,0.0,1.0
4,6,Laila Ali,0.0,0.9647058823529412
4,7,Laila Ali,0.0,0.9773462783171522
4,8,Laila Ali,0.0,1.0
4,9,Laila Ali,0.0,1.0
4,2,Leeza Gibbons,0.0,0.983673469387755
4,3,Leeza Gibbons,0.0,0.9724770642201835
4,4,Leeza Gibbons,0.0,0.13801169590643272
4,2,Paulina Porizkova,0.0,0.09610389610389611
4,2,Shandi Finnessey,0.004081632653061232,0.9877551020408163
4,3,Shandi Finnessey,0.0,0.10366972477064222
5,1,Albert Reed,0.0,1.0
5,2,Albert Reed,0.0,0.09358288770053474
5,1,Cameron Mathison,0.0,1.0
5,2,Cameron Mathison,-0.0,0.9621848739495799
5,3,Cameron Mathison,0.0,1.0
5,4,Cameron Mathison,0.0,0.9957264957264957
5,5,Cameron Mathison,0.0,1.0
5,6,Cameron Mathison,-0.0,0.9722222222222222
5,7,Cameron Mathison,0.0,1.0
5,8,Cameron Mathison,0.0,0.20608365019011407
5,1,Floyd Mayweather Jr. ,0.0,1.0
5,2,Floyd Mayweather Jr. ,0.0,0.9621848739495799
5,3,Floyd Mayweather Jr. ,0.0,1.0
5,4,Floyd Mayweather Jr. ,0.0,0.1239316239316239
5,1,Helio Castroneves,0.0,1.0
5,2,Helio Castroneves,0.0,0.9621848739495799
5,3,Helio Castroneves,0.0,1.0
5,4,Helio Castroneves,0.0,0.9957264957264957
5,5,Helio Castroneves,0.0,1.0
5,6,Helio Castroneves,0.0,0.9722222222222221
5,7,Helio Castroneves,0.0,1.0
5,8,Helio Castroneves,0.0,0.9885931558935361
5,9,Helio Castroneves,0.0,0.9914529914529915
5,1,Jane Seymour,0.0,1.0
5,2,Jane Seymour,0.0,0.9621848739495799
5,3,Jane Seymour,0.0,1.0
5,4,Jane Seymour,0.0,0.9957264957264957
5,5,Jane Seymour,0.0,1.0
5,6,Jane Seymour,0.016666666666666677,0.9888888888888889
5,7,Jane Seymour,0.0,0.17307692307692304
5,1,Jennie Garth,0.0,1.0
5,2,Jennie Garth,0.0,0.9621848739495799
5,3,Jennie Garth,0.0,1.0
5,4,Jennie Garth,0.0,0.9957264957264957
5,5,Jennie Garth,0.0,1.0
5,6,Jennie Garth,0.0,0.9722222222222221
5,7,Jennie Garth,0.0,1.0
5,8,Jennie Garth,0.0038022813688212975,0.9923954372623575
5,9,Jennie Garth,0.0,0.25213675213675213
5,1,Josie Maran,0.0,0.10440985732814523
5,1,Marie Osmond,0.0,1.0
5,2,Marie Osmond,0.0,0.9621848739495797
5,3,Marie Osmond,0.0,1.0
5,4,Marie Osmond,0.0,0.9957264957264957
5,5,Marie Osmond,-0.0,1.0
5,6,Marie Osmond,0.011111111111111127,0.9833333333333333
5,7,Marie Osmond,0.0,1.0
5,8,Marie Osmond,0.007604562737642567,0.9961977186311787
5,9,Marie Osmond,0.008547008547008544,1.0
5,1,Mark Cuban,0.0,1.0
5,2,Mark Cuban,0.012605042016806733,0.9747899159663865
5,3,Mark Cuban,0.0,1.0
5,4,Mark Cuban,0.004273504273504272,1.0
5,5,Mark Cuban,0.0,0.14447236180904524
5,1,Mel B,0.0,1.0
5,2,Mel B,0.0,0.9621848739495799
5,3,Mel B,0.0,1.0
5,4,Mel B,0.0,0.9957264957264957
5,5,Mel B,0.0,1.0
5,6,Mel B,0.0,0.9722222222222221
5,7,Mel B,0.0,1.0
5,8,Mel B,0.0,0.9885931558935361
5,9,Mel B,0.0,0.9914529914529915
5,1,Sabrina Bryan,0.0,1.0
5,2,Sabrina Bryan,0.0,0.9621848739495799
5,3,Sabrina Bryan,0.0,1.0
5,4,Sabrina Bryan,0.0,0.9957264957264957
5,5,Sabrina Bryan,0.0,1.0
5,6,Sabrina Bryan,0.0,0.1468253968253968
5,1,Wayne Newton,0.0,1.0
5,2,Wayne Newton,0.025210084033613453,0.9873949579831933
5,3,Wayne Newton,0.0,0.12468619246861927
6,2,Adam Carolla,0.0,0.9961089494163424
6,3,Adam Carolla,0.0,0.9912280701754386
6,4,Adam Carolla,0.0,0.13777777777777778
6,2,Cristian de la Fuente,0.0,0.9961089494163424
6,3,Cristian de la Fuente,0.0,0.9912280701754386
6,4,Cristian de la Fuente,0.0,1.0
6,5,Cristian de la Fuente,0.0,1.0
6,6,Cristian de la Fuente,0.0,1.0
6,7,Cristian de la Fuente,0.016181229773462785,1.0
6,8,Cristian de la Fuente,0.0,0.9850187265917603
6,9,Cristian de la Fuente,0.0,1.0
6,2,Jason Taylor,0.0,0.9961089494163424
6,3,Jason Taylor,0.0,0.9912280701754386
6,4,Jason Taylor,0.0,1.0
6,5,Jason Taylor,0.0,1.0
6,6,Jason Taylor,0.0,1.0
6,7,Jason Taylor,0.0,0.9838187702265372
6,8,Jason Taylor,0.0037453183520599342,0.9887640449438202
6,9,Jason Taylor,0.0,1.0
6,2,Kristi Yamaguchi,0.0,0.9961089494163424
6,3,Kristi Yamaguchi,0.0,0.9912280701754386
6,4,Kristi Yamaguchi,0.0,1.0
6,5,Kristi Yamaguchi,0.0,1.0
6,6,Kristi Yamaguchi,0.0,1.0
6,7,Kristi Yamaguchi,0.0,0.9838187702265372
6,8,Kristi Yamaguchi,0.0,0.9850187265917603
6,9,Kristi Yamaguchi,0.0,1.0
6,2,Mario,0.0,0.9961089494163424
6,3,Mario,0.0,0.9912280701754386
6,4,Mario,0.0,1.0
6,5,Mario,0.0,1.0
6,6,Mario,0.0,1.0
6,7,Mario,0.0,0.9838187702265372
6,8,Mario,0.0,0.20149812734082395
6,2,Marissa Jaret Winokur,0.0,0.9961089494163424
6,3,Marissa Jaret Winokur,0.008771929824561403,1.0
6,4,Marissa Jaret Winokur,0.0,1.0
6,5,Marissa Jaret Winokur,0.0,1.0
6,6,Marissa Jaret Winokur,0.0,1.0
6,7,Marissa Jaret Winokur,0.0,0.9838187702265372
6,8,Marissa Jaret Winokur,0.011235955056179775,0.9962546816479401
6,9,Marissa Jaret Winokur,0.0,0.2636363636363636
6,2,Marlee Matlin,0.0,0.9961089494163424
6,3,Marlee Matlin,-0.0,0.9912280701754386
6,4,Marlee Matlin,0.0,1.0
6,5,Marlee Matlin,0.0,1.0
6,6,Marlee Matlin,0.0,0.16904761904761903
6,2,Monica Seles,0.0,0.11743898125221083
6,2,Penn Jillette,0.0,0.11036434382737884
6,2,Priscilla Presley,0.0,0.9961089494163424
6,3,Priscilla Presley,0.0,0.9912280701754386
6,4,Priscilla Presley,0.0,1.0
6,5,Priscilla Presley,0.0,0.14285714285714285
6,2,Shannon Elizabeth,0.0,0.9961089494163424
6,3,Shannon Elizabeth,0.0,0.9912280701754386
6,4,Shannon Elizabeth,0.0,1.0
6,5,Shannon Elizabeth,0.0,1.0
6,6,Shannon Elizabeth,0.0,1.0
6,7,Shannon Elizabeth,0.0,0.16828478964401297
6,2,Steve Guttenberg,0.0038910505836575876,1.0
6,3,Steve Guttenberg,0.0,0.10789473684210525
7,1,Brooke Burke,0.0,0.9861111111111112
7,2,Brooke Burke,0.0,0.9864253393665159
7,4,Brooke Burke,0.0,1.0
7,5,Brooke Burke,0.0,0.9897435897435898
7,6,Brooke Burke,0.0,1.0
7,7,Brooke Burke,0.0,0.9659863945578231
7,8,Brooke Burke,0.0,1.0
7,9,Brooke Burke,0.0,1.0
7,1,Cloris Leachman,0.009920634920634927,0.996031746031746
7,2,Cloris Leachman,0.009049773755656118,0.995475113122172
7,4,Cloris Leachman,0.0,1.0
7,5,Cloris Leachman,0.005128205128205124,0.9948717948717949
7,6,Cloris Leachman,0.0,0.19196428571428575
7,1,Cody Linley,0.0,0.9861111111111112
7,2,Cody Linley,0.0,0.9864253393665159
7,4,Cody Linley,0.0,1.0
7,5,Cody Linley,0.0,0.9897435897435898
7,6,Cody Linley,0.0,1.0
7,7,Cody Linley,0.013605442176870736,0.9795918367346939
7,8,Cody Linley,-0.0,1.0
7,9,Cody Linley,0.0,0.2711442786069652
7,1,Jeffrey Ross,0.0,0.11292989417989419
7,1,Kim Kardashian,0.0,0.9861111111111112
7,2,Kim Kardashian,0.0,0.10489510489510484
7,1,Lance Bass,0.0,0.9861111111111112
7,2,Lance Bass,0.0,0.9864253393665159
7,4,Lance Bass,0.0,1.0
7,5,Lance Bass,0.005128205128205124,0.9948717948717949
7,6,Lance Bass,0.0,1.0
7,7,Lance Bass,0.0,0.9659863945578231
7,8,Lance Bass,0.0,1.0
7,9,Lance Bass,0.0,1.0
7,1,Maurice Greene,0.0,0.9861111111111112
7,2,Maurice Greene,0.0,0.9864253393665159
7,4,Maurice Greene,0.0,1.0
7,5,Maurice Greene,0.0,0.9897435897435898
7,6,Maurice Greene,0.0,1.0
7,7,Maurice Greene,0.0,0.9659863945578231
7,8,Maurice Greene,0.0,0.2117647058823529
7,1,Misty May-Treanor,0.0,0.9861111111111112
7,2,Misty May-Treanor,0.0,0.9864253393665159
7,1,Rocco DiSpirito,0.003968253968253968,0.9900793650793651
7,2,Rocco DiSpirito,0.004524886877828052,0.9909502262443439
7,4,Rocco DiSpirito,0.0,0.13355227148330595
7,1,Susan Lucci,-0.0,0.9861111111111112
7,2,Susan Lucci,0.0,0.9864253393665159
7,4,Susan Lucci,0.0,1.0
7,5,Susan Lucci,0.0,0.9897435897435898
7,6,Susan Lucci,0.0,1.0
7,7,Susan Lucci,0.0,0.17006802721088435
7,1,Ted McGinley,0.0,0.08928571428571426
7,1,Toni Braxton,0.0,0.9861111111111112
7,2,Toni Braxton,0.0,0.9864253393665159
7,4,Toni Braxton,0.0,1.0
7,5,Toni Braxton,0.0,0.13717948717948714
7,1,Warren Sapp,0.0,0.9861111111111112
7,2,Warren Sapp,0.0,0.9864253393665159
7,4,Warren Sapp,0.0,1.0
7,5,Warren Sapp,0.0,0.9897435897435898
7,6,Warren Sapp,0.0,1.0
7,7,Warren Sapp,0.020408163265306117,0.9863945578231292
7,8,Warren Sapp,0.0,1.0
7,9,Warren Sapp,0.0,1.0
8,2,Belinda Carlisle,0.0,0.08592162554426706
8,2,Chuck Wicks,0.0,0.9773584905660377
8,3,Chuck Wicks,0.0,0.9724409448818898
8,4,Chuck Wicks,0.0,0.9958677685950413
8,5,Chuck Wicks,0.0,0.9666666666666667
8,6,Chuck Wicks,0.0,1.0
8,7,Chuck Wicks,0.0,1.0
8,8,Chuck Wicks,0.0,0.16987179487179488
8,2,David Alan Grier,0.0037735849056603765,0.9811320754716981
8,3,David Alan Grier,0.0,0.9724409448818898
8,4,David Alan Grier,0.0,0.9958677685950413
8,5,David Alan Grier,0.0,0.11746031746031745
8,2,Denise Richards,0.0,0.9773584905660377
8,3,Denise Richards,0.0,0.10367454068241466
8,2,Gilles Marini,0.0,0.9773584905660377
8,3,Gilles Marini,0.0,0.9724409448818898
8,4,Gilles Marini,0.0,0.9958677685950413
8,5,Gilles Marini,0.0,0.9666666666666667
8,6,Gilles Marini,0.0,1.0
8,7,Gilles Marini,0.0,1.0
8,8,Gilles Marini,0.0,0.983974358974359
8,9,Gilles Marini,0.0,0.9775280898876404
8,10,Gilles Marini,0.0,1.0
8,2,Holly Madison,0.0,0.9773584905660377
8,3,Holly Madison,0.0,0.9724409448818898
8,4,Holly Madison,0.0,0.1289256198347107
8,2,Lawrence Taylor,0.0,0.9773584905660377
8,3,Lawrence Taylor,0.0,0.9724409448818898
8,4,Lawrence Taylor,0.0,0.9958677685950413
8,5,Lawrence Taylor,0.009523809523809532,0.9761904761904762
8,6,Lawrence Taylor,0.0,1.0
8,7,Lawrence Taylor,0.0,0.1703296703296703
8,2,Lil' Kim,0.0,0.9773584905660377
8,3,Lil' Kim,0.0,0.9724409448818898
8,4,Lil' Kim,0.0,0.9958677685950413
8,5,Lil' Kim,0.0,0.9666666666666667
8,6,Lil' Kim,0.0,1.0
8,7,Lil' Kim,0.0,1.0
8,8,Lil' Kim,0.0,0.983974358974359
8,9,Lil' Kim,0.0,0.2052434456928839
8,2,Melissa Rycroft,0.0,0.9773584905660377
8,3,Melissa Rycroft,0.0,0.9724409448818898
8,4,Melissa Rycroft,0.0,0.9958677685950413
8,5,Melissa Rycroft,0.0,0.9666666666666667
8,6,Melissa Rycroft,0.0,1.0
8,7,Melissa Rycroft,0.0,1.0
8,8,Melissa Rycroft,0.016025641025641024,1.0
8,9,Melissa Rycroft,0.0,0.9775280898876404
8,10,Melissa Rycroft,0.0,1.0
8,2,Shawn Johnson,0.0,0.9773584905660377
8,3,Shawn Johnson,0.0,0.9724409448818898
8,4,Shawn Johnson,0.0,0.9958677685950413
8,5,Shawn Johnson,0.0,0.9666666666666667
8,6,Shawn Johnson,0.0,1.0
8,7,Shawn Johnson,0.0,1.0
8,8,Shawn Johnson,0.0,0.983974358974359
8,9,Shawn Johnson,0.0,0.9775280898876404
8,10,Shawn Johnson,0.0,1.0
8,2,Steve Wozniak,0.0037735849056603765,0.9811320754716981
8,3,Steve Wozniak,0.023622047244094488,0.9960629921259843
8,4,Steve Wozniak,0.0,0.143801652892562
8,2,Steve-O,0.015094339622641506,0.9924528301886792
8,3,Steve-O,0.003937007874015748,0.9763779527559056
8,4,Steve-O,0.004132231404958678,1.0
8,5,Steve-O,0.01904761904761905,0.9857142857142858
8,6,Steve-O,0.0,0.16397849462365588
8,2,Ty Murray,0.0,0.9773584905660377
8,3,Ty Murray,0.0,0.9724409448818898
8,4,Ty Murray,0.0,0.9958677685950413
8,5,Ty Murray,0.004761904761904759,0.9714285714285714
8,6,Ty Murray,0.0,1.0
8,7,Ty Murray,0.0,1.0
8,8,Ty Murray,0.0,0.983974358974359
8,9,Ty Murray,0.02247191011235955,1.0
8,10,Ty Murray,0.0,0.2808219178082192
9,1,Aaron Carter,0.0,1.0
9,2,Aaron Carter,0.0,1.0
9,3,Aaron Carter,0.0,0.9806201550387597
9,4,Aaron Carter,0.0,0.9917355371900827
9,5,Aaron Carter,0.0,0.9958677685950413
9,6,Aaron Carter,0.0,0.9923068964469492
9,7,Aaron Carter,0.0,1.0
9,8,Aaron Carter,0.0,0.2091603053435114
9,1,Ashley Hamiliton,0.0,0.08341550114483208
9,1,Chuck Liddell,0.0,1.0
9,2,Chuck Liddell,0.0,1.0
9,3,Chuck Liddell,-0.0,0.9806201550387597
9,4,Chuck Liddell,0.0,0.11157024793388429
9,1,Debi Mazar,0.0,1.0
9,2,Debi Mazar,0.0,1.0
9,3,Debi Mazar,0.0,0.08795468097793681
9,1,Donny Osmond,0.0,1.0
9,2,Donny Osmond,0.0,1.0
9,3,Donny Osmond,0.0,0.9806201550387597
9,4,Donny Osmond,0.0,0.9917355371900827
9,5,Donny Osmond,0.0,0.9958677685950413
9,6,Donny Osmond,0.0,0.9923068964469492
9,7,Donny Osmond,0.0,1.0
9,8,Donny Osmond,-0.0,1.0
9,9,Donny Osmond,0.021875700197719394,0.9906230927668814
9,1,Joanna Krupa,0.0,1.0
9,2,Joanna Krupa,0.0,1.0
9,3,Joanna Krupa,0.0,0.9806201550387597
9,4,Joanna Krupa,0.0,0.9917355371900827
9,5,Joanna Krupa,0.0,0.9958677685950413
9,6,Joanna Krupa,0.0,0.9923068964469492
9,7,Joanna Krupa,0.0,1.0
9,8,Joanna Krupa,0.0,1.0
9,9,Joanna Krupa,0.0,0.2468741298798215
9,1,Kathy Ireland,0.0,1.0
9,2,Kathy Ireland,0.0,0.0816326530612245
9,1,Kelly Osbourne,0.0,1.0
9,2,Kelly Osbourne,0.0,1.0
9,3,Kelly Osbourne,0.0,0.9806201550387597
9,4,Kelly Osbourne,0.0,0.9917355371900827
9,5,Kelly Osbourne,0.0,0.9958677685950413
9,6,Kelly Osbourne,0.0,0.9923068964469492
9,7,Kelly Osbourne,0.0,1.0
9,8,Kelly Osbourne,0.0,1.0
9,9,Kelly Osbourne,0.009376907233118598,0.9781242998022806
9,1,Louie Vito,0.0,1.0
9,2,Louie Vito,0.0,1.0
9,3,Louie Vito,0.0,0.9806201550387597
9,4,Louie Vito,0.004132231404958678,0.9958677685950413
9,5,Louie Vito,-0.0,0.9958677685950413
9,6,Louie Vito,0.0,0.14615353476223572
9,1,Macy Gray,0.0,0.08341550114483208
9,1,Mark Dacascos,0.0,1.0
9,2,Mark Dacascos,0.0,1.0
9,3,Mark Dacascos,0.0,0.9806201550387597
9,4,Mark Dacascos,0.0,0.9917355371900827
9,5,Mark Dacascos,0.0,0.9958677685950413
9,6,Mark Dacascos,0.0,0.9923068964469492
9,7,Mark Dacascos,0.0,0.18850902184235516
9,1,Melissa Joan Hart,0.0,1.0
9,2,Melissa Joan Hart,0.0,1.0
9,3,Melissa Joan Hart,0.0,0.9806201550387597
9,4,Melissa Joan Hart,0.0,0.9917355371900827
9,5,Melissa Joan Hart,0.0,0.9958677685950413
9,6,Melissa Joan Hart,0.0,0.14615387130186222
9,1,Michael Irvin,0.0,1.0
9,2,Michael Irvin,0.0,1.0
9,3,Michael Irvin,0.011627906976744193,0.9922480620155039
9,4,Michael Irvin,0.004132231404958678,0.9958677685950413
9,5,Michael Irvin,0.004132231404958678,1.0
9,6,Michael Irvin,0.007693103553050765,1.0
9,7,Michael Irvin,0.0,0.17901234567901234
9,1,Mya,0.0,1.0
9,2,Mya,0.0,1.0
9,3,Mya,0.0,0.9806201550387597
9,4,Mya,0.0,0.9917355371900827
9,5,Mya,0.0,0.9958677685950413
9,6,Mya,0.0,0.9923068964469492
9,7,Mya,0.0,1.0
9,8,Mya,0.0,1.0
9,9,Mya,0.0,0.9687473925691621
9,1,Natalie Coughlin,0.0,1.0
9,2,Natalie Coughlin,0.0,1.0
9,3,Natalie Coughlin,0.0,0.9806201550387597
9,4,Natalie Coughlin,0.0,0.9917355371900827
9,5,Natalie Coughlin,0.0,0.10909090909090907
9,1,Tom DeLay,0.0,1.0
9,2,Tom DeLay,-0.0,1.0
9,3,Tom DeLay,0.007751937984496131,0.9883720930232558
10,2,Aiden Turner,0.004545454545454547,0.9227272727272727
10,3,Aiden Turner,0.0,1.0
10,4,Aiden Turner,0.0,0.13327343516022763
10,2,Buzz Aldrin,0.03636363636363637,0.9545454545454546
10,3,Buzz Aldrin,0.0,0.1359605911330049
10,2,Chad Ochocinco,0.018181818181818188,0.9363636363636364
10,3,Chad Ochocinco,0.0,1.0
10,4,Chad Ochocinco,0.0,0.9973045822102427
10,5,Chad Ochocinco,0.0,1.0
10,6,Chad Ochocinco,0.0,1.0
10,7,Chad Ochocinco,0.0,0.9935691318327975
10,8,Chad Ochocinco,0.0,1.0
10,9,Chad Ochocinco,0.0,0.26991150442477874
10,2,Erin Andrews,0.0,0.9181818181818182
10,3,Erin Andrews,0.0,1.0
10,4,Erin Andrews,0.0,0.9973045822102427
10,5,Erin Andrews,0.0,1.0
10,6,Erin Andrews,0.0,1.0
10,7,Erin Andrews,0.0,0.9935691318327975
10,8,Erin Andrews,0.0,1.0
10,9,Erin Andrews,0.0,1.0
10,2,Evan Lysacek,0.0,0.9181818181818182
10,3,Evan Lysacek,0.0,1.0
10,4,Evan Lysacek,0.0,0.9973045822102427
10,5,Evan Lysacek,0.0,1.0
10,6,Evan Lysacek,0.0,1.0
10,7,Evan Lysacek,0.0,0.9935691318327975
10,8,Evan Lysacek,0.0,1.0
10,9,Evan Lysacek,0.0,1.0
10,2,Jake Pavelka,0.0,0.9181818181818182
10,3,Jake Pavelka,0.0,1.0
10,4,Jake Pavelka,0.0,0.9973045822102427
10,5,Jake Pavelka,0.0,1.0
10,6,Jake Pavelka,0.0,0.1660971386712095
10,2,Kate Gosselin,0.022727272727272735,0.9409090909090909
10,3,Kate Gosselin,0.0,1.0
10,4,Kate Gosselin,0.002695417789757404,1.0
10,5,Kate Gosselin,0.0,0.16329479768786126
10,2,Nicole Scherzinger,0.0,0.9181818181818182
10,3,Nicole Scherzinger,0.0,1.0
10,4,Nicole Scherzinger,0.0,0.9973045822102427
10,5,Nicole Scherzinger,0.0,1.0
10,6,Nicole Scherzinger,0.0,1.0
10,7,Nicole Scherzinger,0.0,0.9935691318327975
10,8,Nicole Scherzinger,0.0,1.0
10,9,Nicole Scherzinger,0.0,1.0
10,2,Niecy Nash,0.0,0.9181818181818182
10,3,Niecy Nash,0.0,1.0
10,4,Niecy Nash,0.0,0.9973045822102427
10,5,Niecy Nash,0.0,1.0
10,6,Niecy Nash,0.0,1.0
10,7,Niecy Nash,0.006430868167202564,1.0
10,8,Niecy Nash,0.0,0.2300395256916996
10,2,Pamela Anderson,0.0,0.9181818181818182
10,3,Pamela Anderson,0.0,1.0
10,4,Pamela Anderson,0.0,0.9973045822102427
10,5,Pamela Anderson,0.0,1.0
10,6,Pamela Anderson,0.0,1.0
10,7,Pamela Anderson,0.0,0.16934619506966778
10,2,Shannen Doherty,0.0,0.0909090909090909
11,1,Audrina Patridge,0.0,1.0
11,2,Audrina Patridge,0.0,1.0
11,3,Audrina Patridge,0.0,1.0
11,4,Audrina Patridge,0.0,1.0
11,5,Audrina Patridge,0.0,0.978021978021978
11,6,Audrina Patridge,0.0,0.13112535715269152
11,1,Brandy,0.0,1.0
11,2,Brandy,0.0,1.0
11,3,Brandy,0.0,1.0
11,4,Brandy,0.0,1.0
11,5,Brandy,0.0,0.978021978021978
11,6,Brandy,0.0,0.898553280131865
11,7,Brandy,0.0,0.985611510791367
11,8,Brandy,0.0,0.9962264150943396
11,9,Brandy,0.0,0.24999999999999997
11,1,Bristol Palin,0.0,1.0
11,2,Bristol Palin,0.0,1.0
11,3,Bristol Palin,0.0,1.0
11,4,Bristol Palin,0.0,1.0
11,5,Bristol Palin,0.016483516483516494,0.9945054945054945
11,6,Bristol Palin,0.019323736843554568,0.9178770169754196
11,7,Bristol Palin,0.009592326139088725,0.9952038369304557
11,8,Bristol Palin,0.0037735849056603765,1.0
11,9,Bristol Palin,0.017543859649122806,1.0
11,1,David Hasselhoff,0.0,0.10058737151248165
11,1,Florence Henderson,0.0,1.0
11,2,Florence Henderson,0.0,1.0
11,3,Florence Henderson,0.0,1.0
11,4,Florence Henderson,0.0,1.0
11,5,Florence Henderson,0.0,0.13461538461538458
11,1,Jennifer Grey,0.0,1.0
11,2,Jennifer Grey,0.0,1.0
11,3,Jennifer Grey,0.0,1.0
11,4,Jennifer Grey,0.0,1.0
11,5,Jennifer Grey,0.0,0.978021978021978
11,6,Jennifer Grey,0.014491836445823747,0.9130451165776887
11,7,Jennifer Grey,0.0,0.985611510791367
11,8,Jennifer Grey,0.0,0.9962264150943396
11,9,Jennifer Grey,0.0,0.9824561403508771
11,1,Kurt Warner,0.0,1.0
11,2,Kurt Warner,0.0,1.0
11,3,Kurt Warner,0.0,1.0
11,4,Kurt Warner,0.0,1.0
11,5,Kurt Warner,0.0,0.978021978021978
11,6,Kurt Warner,0.04830885901546529,0.9468621391473303
11,7,Kurt Warner,0.0,0.985611510791367
11,8,Kurt Warner,0.0,0.2188679245283019
11,1,Kyle Massey,0.0,1.0
11,2,Kyle Massey,0.0,1.0
11,3,Kyle Massey,0.0,1.0
11,4,Kyle Massey,0.0,1.0
11,5,Kyle Massey,0.005494505494505503,0.9835164835164835
11,6,Kyle Massey,0.009661385328356198,0.9082146654602212
11,7,Kyle Massey,0.0047961630695443624,0.9904076738609113
11,8,Kyle Massey,0.0,0.9962264150943396
11,9,Kyle Massey,0.0,0.9824561403508771
11,1,Margaret Cho,-0.0,1.0
11,2,Margaret Cho,0.0,1.0
11,3,Margaret Cho,0.0,0.11855203619909498
11,1,Michael Bolton,0.0,1.0
11,2,Michael Bolton,0.0,0.12751953928424517
11,1,Rick Fox,0.0,1.0
11,2,Rick Fox,0.0,1.0
11,3,Rick Fox,0.0,1.0
11,4,Rick Fox,0.0,1.0
11,5,Rick Fox,0.0,0.978021978021978
11,6,Rick Fox,0.009660902234935098,0.9082141823668001
11,7,Rick Fox,0.0,0.16786570743405277
11,1,The Situation,0.0,1.0
11,2,The Situation,0.0,1.0
11,3,The Situation,0.0,1.0
11,4,The Situation,0.0,0.14400993171942894
12,2,Chelsea Kane,0.0,1.0
12,3,Chelsea Kane,0.0,1.0
12,4,Chelsea Kane,0.0,0.9854368932038835
12,5,Chelsea Kane,0.0,1.0
12,6,Chelsea Kane,0.0,1.0
12,7,Chelsea Kane,0.0,0.9946949602122015
12,8,Chelsea Kane,0.0,0.9769230769230769
12,9,Chelsea Kane,0.0,1.0
12,2,Chris Jericho,0.0,1.0
12,3,Chris Jericho,0.0,1.0
12,4,Chris Jericho,0.0,0.9854368932038835
12,5,Chris Jericho,0.0,1.0
12,6,Chris Jericho,0.0,0.1634920634920635
12,2,Hines Ward,0.0,1.0
12,3,Hines Ward,0.0,1.0
12,4,Hines Ward,0.0,0.9854368932038835
12,5,Hines Ward,0.0,1.0
12,6,Hines Ward,0.0,1.0
12,7,Hines Ward,0.0,0.9946949602122015
12,8,Hines Ward,0.0,0.9769230769230769
12,9,Hines Ward,0.0,1.0
12,2,Kendra Wilkinson,0.0,1.0
12,3,Kendra Wilkinson,0.0,1.0
12,4,Kendra Wilkinson,0.014563106796116498,1.0
12,5,Kendra Wilkinson,-0.0,1.0
12,6,Kendra Wilkinson,0.0,1.0
12,7,Kendra Wilkinson,0.0,0.17152961980548187
12,2,Kirstie Alley,0.0,1.0
12,3,Kirstie Alley,0.0,1.0
12,4,Kirstie Alley,0.0,0.9854368932038835
12,5,Kirstie Alley,0.0,1.0
12,6,Kirstie Alley,0.0,1.0
12,7,Kirstie Alley,0.0026525198938992245,0.9973474801061007
12,8,Kirstie Alley,0.0,0.9769230769230769
12,9,Kirstie Alley,0.0,1.0
12,2,Mike Catherwood,0.0,0.10311447811447808
12,2,Petra Nemcova,0.0,1.0
12,3,Petra Nemcova,0.0,1.0
12,4,Petra Nemcova,0.0,0.9854368932038835
12,5,Petra Nemcova,0.0,0.13659793814432986
12,2,Ralph Macchio,0.0,1.0
12,3,Ralph Macchio,0.0,1.0
12,4,Ralph Macchio,0.0,0.9854368932038835
12,5,Ralph Macchio,0.0,1.0
12,6,Ralph Macchio,0.0,1.0
12,7,Ralph Macchio,0.0,0.9946949602122015
12,8,Ralph Macchio,0.023076923076923078,1.0
12,9,Ralph Macchio,0.0,0.29574468085106387
12,2,Romeo,0.0,1.0
12,3,Romeo,0.0,1.0
12,4,Romeo,0.0,0.9854368932038835
12,5,Romeo,0.0,1.0
12,6,Romeo,0.0,1.0
12,7,Romeo,0.0026525198938992245,0.9973474801061007
12,8,Romeo,0.0,0.2
12,2,Sugar Ray Leonard,-0.0,1.0
12,3,Sugar Ray Leonard,0.0,1.0
12,4,Sugar Ray Leonard,0.0,0.12028047464940668
12,2,Wendy Williams,0.0,1.0
12,3,Wendy Williams,0.0,0.12990654205607477
13,1,Carson Kressley,0.0,1.0
13,2,Carson Kressley,0.013452914798206275,0.959641255605381
13,3,Carson Kressley,0.004219409282700426,0.9620253164556962
13,4,Carson Kressley,0.004784688995215308,1.0
13,5,Carson Kressley,0.0,0.14893617021276598
13,1,Chaz Bono,0.0,1.0
13,2,Chaz Bono,0.0179372197309417,0.9641255605381165
13,3,Chaz Bono,0.025316455696202528,0.9831223628691984
13,4,Chaz Bono,0.0,0.9952153110047847
13,5,Chaz Bono,0.0,1.0
13,6,Chaz Bono,0.0,0.17125645438898454
13,1,Chynna Phillips,0.0,1.0
13,2,Chynna Phillips,0.0,0.9461883408071747
13,3,Chynna Phillips,0.0,0.9578059071729959
13,4,Chynna Phillips,0.0,0.12174375332270068
13,1,David Arquette,0.0,1.0
13,2,David Arquette,0.013452914798206275,0.959641255605381
13,3,David Arquette,0.0,0.9578059071729959
13,4,David Arquette,0.0,0.9952153110047847
13,5,David Arquette,0.0,1.0
13,6,David Arquette,0.0,1.0
13,7,David Arquette,0.0,0.17292377701934017
13,1,Elisabetta Canalis,0.0,1.0
13,2,Elisabetta Canalis,0.0,0.08764777823073787
13,1,Hope Solo,0.0,1.0
13,2,Hope Solo,0.00896860986547085,0.9551569506726456
13,3,Hope Solo,-0.0,0.9578059071729959
13,4,Hope Solo,0.0,0.9952153110047847
13,5,Hope Solo,0.0,1.0
13,6,Hope Solo,0.0,1.0
13,7,Hope Solo,0.0,0.9897610921501707
13,8,Hope Solo,0.0,1.0
13,9,Hope Solo,0.0,0.29324976054751284
13,1,J.R. Martinez,0.0,1.0
13,2,J.R. Martinez,0.0,0.9461883408071747
13,3,J.R. Martinez,0.0,0.9578059071729959
13,4,J.R. Martinez,0.0,0.9952153110047847
13,5,J.R. Martinez,0.0,1.0
13,6,J.R. Martinez,0.0,1.0
13,7,J.R. Martinez,0.0,0.9897610921501707
13,8,J.R. Martinez,0.0,1.0
13,9,J.R. Martinez,0.0,1.0
13,1,Kristin Cavallari,0.0,1.0
13,2,Kristin Cavallari,0.0,0.9461883408071747
13,3,Kristin Cavallari,0.0,0.09873417721518987
13,1,Metta World Peace (Ron),0.0,0.10215053763440862
13,1,Nancy Grace,0.0,1.0
13,2,Nancy Grace,0.0,0.9461883408071747
13,3,Nancy Grace,0.012658227848101264,0.9704641350210971
13,4,Nancy Grace,0.0,0.9952153110047847
13,5,Nancy Grace,0.0,1.0
13,6,Nancy Grace,0.0,1.0
13,7,Nancy Grace,0.010238907849829337,1.0
13,8,Nancy Grace,0.0,0.2301158301158301
13,1,Ricki Lake,0.0,1.0
13,2,Ricki Lake,0.0,0.9461883408071747
13,3,Ricki Lake,0.0,0.9578059071729959
13,4,Ricki Lake,0.0,0.9952153110047847
13,5,Ricki Lake,0.0,1.0
13,6,Ricki Lake,0.0,1.0
13,7,Ricki Lake,0.0,0.9897610921501707
13,8,Ricki Lake,0.0,1.0
13,9,Ricki Lake,0.0,1.0
13,1,Rob Kardashian,0.0,1.0
13,2,Rob Kardashian,0.0,0.9461883408071747
13,3,Rob Kardashian,0.0,0.9578059071729959
13,4,Rob Kardashian,0.0,0.9952153110047847
13,5,Rob Kardashian,0.0,1.0
13,6,Rob Kardashian,0.0,1.0
13,7,Rob Kardashian,0.0,0.9897610921501707
13,8,Rob Kardashian,0.0,1.0
13,9,Rob Kardashian,0.0,1.0
14,2,Donald Driver,0.0,1.0
14,3,Donald Driver,0.0,1.0
14,4,Donald Driver,0.0,0.9957081545064378
14,5,Donald Driver,0.0,1.0
14,6,Donald Driver,0.0,1.0
14,7,Donald Driver,0.0,0.9891008174386922
14,8,Donald Driver,0.003058103975535159,0.9877675840978594
14,9,Donald Driver,0.008695652173913049,0.9826086956521739
14,2,Gavin DeGraw,0.0,1.0
14,3,Gavin DeGraw,0.0,1.0
14,4,Gavin DeGraw,0.0,0.9957081545064378
14,5,Gavin DeGraw,0.0,0.1374007936507937
14,2,Gladys Knight,0.0,1.0
14,3,Gladys Knight,0.0,1.0
14,4,Gladys Knight,0.004291845493562235,1.0
14,5,Gladys Knight,0.0,1.0
14,6,Gladys Knight,0.0,0.15697649179668316
14,2,Jack Wagner,0.0,1.0
14,3,Jack Wagner,0.0,0.0961038961038961
14,2,Jaleel White,0.0,1.0
14,3,Jaleel White,0.0,1.0
14,4,Jaleel White,0.0,0.9957081545064378
14,5,Jaleel White,0.0,1.0
14,6,Jaleel White,0.0,1.0
14,7,Jaleel White,0.0,0.14674970805760998
14,2,Katherine Jenkins,0.0,1.0
14,3,Katherine Jenkins,0.0,1.0
14,4,Katherine Jenkins,0.0,0.9957081545064378
14,5,Katherine Jenkins,0.0,1.0
14,6,Katherine Jenkins,0.0,1.0
14,7,Katherine Jenkins,0.0,0.9891008174386922
14,8,Katherine Jenkins,0.003058103975535159,0.9877675840978593
14,9,Katherine Jenkins,0.013043478260869573,0.9869565217391305
14,2,Maria Menounos,0.0,1.0
14,3,Maria Menounos,0.0,1.0
14,4,Maria Menounos,0.0,0.9957081545064378
14,5,Maria Menounos,0.0,1.0
14,6,Maria Menounos,0.0,1.0
14,7,Maria Menounos,0.0,0.9891008174386922
14,8,Maria Menounos,0.009174311926605505,0.9938837920489296
14,9,Maria Menounos,0.0,0.2434782608695652
14,2,Martina Navratilova,0.0,0.10346964064436186
14,2,Melissa Gilbert,0.0,1.0
14,3,Melissa Gilbert,0.0,1.0
14,4,Melissa Gilbert,0.0,0.9957081545064378
14,5,Melissa Gilbert,0.0,1.0
14,6,Melissa Gilbert,0.0,1.0
14,7,Melissa Gilbert,0.010899182561307896,1.0
14,8,Melissa Gilbert,0.0,0.2097859327217126
14,2,Roshon Fegan,0.0,1.0
14,3,Roshon Fegan,0.0,1.0
14,4,Roshon Fegan,0.0,0.9957081545064378
14,5,Roshon Fegan,0.0,1.0
14,6,Roshon Fegan,0.0,1.0
14,7,Roshon Fegan,0.0,0.9891008174386922
14,8,Roshon Fegan,0.0,0.19755351681957187
14,2,Sherri Sheperd,0.0,1.0
14,3,Sherri Sheperd,-0.0,1.0
14,4,Sherri Sheperd,0.0,0.10987124463519314
14,2,William Levy,0.0,1.0
14,3,William Levy,0.0,1.0
14,4,William Levy,0.0,0.9957081545064378
14,5,William Levy,0.0,1.0
14,6,William Levy,0.0,1.0
14,7,William Levy,0.0,0.9891008174386922
14,8,William Levy,0.0,0.9847094801223242
14,9,William Levy,0.004347826086956552,0.9782608695652173
15,1,Apolo Anton Ohno,0.0,1.0
15,2,Apolo Anton Ohno,0.0,0.9764492753623188
15,3,Apolo Anton Ohno,0.0,0.9820143884892086
15,4,Apolo Anton Ohno,0.0,0.9937791601866252
15,6,Apolo Anton Ohno,0.0,0.9380530973451326
15,8,Apolo Anton Ohno,0.0,0.9868971594370461
15,9,Apolo Anton Ohno,0.0,0.24921223236645182
15,1,Bristol Palin,0.0,1.0
15,2,Bristol Palin,0.01630434782608696,0.9927536231884058
15,3,Bristol Palin,0.010791366906474822,0.9928057553956835
15,4,Bristol Palin,0.0,0.12268878520822535
15,1,Drew Lachey,0.0,1.0
15,2,Drew Lachey,0.0,0.9764492753623188
15,3,Drew Lachey,0.0,0.10449640287769782
15,1,Emmitt Smith,0.0,1.0
15,2,Emmitt Smith,0.0,0.9764492753623188
15,3,Emmitt Smith,0.0017985611510791394,0.9838129496402878
15,4,Emmitt Smith,0.0,0.9937791601866252
15,6,Emmitt Smith,0.015486725663716824,0.9535398230088494
15,8,Emmitt Smith,0.0011155304113762976,0.9880126898484224
15,9,Emmitt Smith,0.0,0.25778139953489265
15,1,Gilles Marini,0.0,1.0
15,2,Gilles Marini,0.0,0.9764492753623188
15,3,Gilles Marini,-0.0,0.9820143884892086
15,4,Gilles Marini,0.0,0.9937791601866252
15,6,Gilles Marini,0.011061946902654884,0.9491150442477876
15,8,Gilles Marini,0.0,0.16508695918353009
15,1,Helio Castroneves,0.0,1.0
15,2,Helio Castroneves,0.0,0.9764492753623188
15,3,Helio Castroneves,0.0,0.09964028776978417
15,1,Joey Fatone,0.0,1.0
15,2,Joey Fatone,0.0,0.08514492753623192
15,1,Kelly Monaco,0.0,1.0
15,2,Kelly Monaco,0.0018115942028985588,0.9782608695652174
15,3,Kelly Monaco,0.0,0.9820143884892086
15,4,Kelly Monaco,0.0,0.9937791601866252
15,6,Kelly Monaco,0.013274336283185847,0.9513274336283184
15,8,Kelly Monaco,0.004739122449409688,0.9916362818864557
15,9,Kelly Monaco,0.010638320507064897,1.0
15,1,Kirstie Alley,0.0,1.0
15,2,Kirstie Alley,0.0054347826086956486,0.9818840579710145
15,3,Kirstie Alley,0.005395683453237404,0.987410071942446
15,4,Kirstie Alley,0.006220839813374804,1.0
15,6,Kirstie Alley,0.011061946902654884,0.9491150442477875
15,8,Kirstie Alley,0.0,0.1808844521924379
15,1,Melissa Rycroft,0.0,1.0
15,2,Melissa Rycroft,0.0,0.9764492753623188
15,3,Melissa Rycroft,0.0,0.9820143884892086
15,4,Melissa Rycroft,0.0,0.9937791601866252
15,6,Melissa Rycroft,0.002212389380530977,0.9402654867256636
15,8,Melissa Rycroft,0.0,0.9868971594370461
15,9,Melissa Rycroft,0.0,0.9893616794929351
15,1,Pamela Anderson,0.0,0.09236333286966196
15,1,Sabrina Bryan,0.0,1.0
15,2,Sabrina Bryan,0.0,0.9764492753623188
15,3,Sabrina Bryan,0.0,0.9820143884892086
15,4,Sabrina Bryan,0.0,0.9937791601866252
15,6,Sabrina Bryan,0.0,0.11725663716814158
15,1,Shawn Johnson,0.0,1.0
15,2,Shawn Johnson,0.0,0.9764492753623188
15,3,Shawn Johnson,0.0,0.9820143884892086
15,4,Shawn Johnson,0.0,0.9937791601866252
15,6,Shawn Johnson,0.008849557522123908,0.9469026548672566
15,8,Shawn Johnson,0.007248187702167924,0.9941453471392141
15,9,Shawn Johnson,0.0,0.9893616794929351
16,3,Alexandra Raisman,0.0,1.0
16,4,Alexandra Raisman,0.0,1.0
16,5,Alexandra Raisman,0.0,1.0
16,6,Alexandra Raisman,0.0,1.0
16,7,Alexandra Raisman,0.0,1.0
16,8,Alexandra Raisman,0.0,1.0
16,9,Alexandra Raisman,0.0,1.0
16,10,Alexandra Raisman,0.0,0.25213654028764126
16,3,Andy Dick,0.0,1.0
16,4,Andy Dick,0.0,1.0
16,5,Andy Dick,-0.0,1.0
16,6,Andy Dick,0.0,1.0
16,7,Andy Dick,0.0,0.19332298136645965
16,3,D. L. Hughley,0.0,1.0
16,4,D. L. Hughley,0.0,1.0
16,5,D. L. Hughley,0.0,0.1360978203083466
16,3,Ingo Rademacher,0.0,1.0
16,4,Ingo Rademacher,0.0,1.0
16,5,Ingo Rademacher,0.0,1.0
16,6,Ingo Rademacher,0.0,1.0
16,7,Ingo Rademacher,0.0,1.0
16,8,Ingo Rademacher,0.0,1.0
16,9,Ingo Rademacher,0.0,0.21914893617021275
16,3,Jacoby Jones,0.0,1.0
16,4,Jacoby Jones,0.0,1.0
16,5,Jacoby Jones,0.0,1.0
16,6,Jacoby Jones,0.0,1.0
16,7,Jacoby Jones,0.0,1.0
16,8,Jacoby Jones,0.0,1.0
16,9,Jacoby Jones,0.0,1.0
16,10,Jacoby Jones,0.008547870553735515,1.0
16,3,Kellie Pickler,0.0,1.0
16,4,Kellie Pickler,0.0,1.0
16,5,Kellie Pickler,0.0,1.0
16,6,Kellie Pickler,0.0,1.0
16,7,Kellie Pickler,0.0,1.0
16,8,Kellie Pickler,0.0,1.0
16,9,Kellie Pickler,0.0,1.0
16,10,Kellie Pickler,0.0,0.9914521294462645
16,3,Lisa Vanderpump,0.0,1.0
16,4,Lisa Vanderpump,0.0,0.11964285714285716
16,3,Sean Lowe,0.0,1.0
16,4,Sean Lowe,0.0,1.0
16,5,Sean Lowe,0.0,1.0
16,6,Sean Lowe,0.0,1.0
16,7,Sean Lowe,0.0,1.0
16,8,Sean Lowe,0.0,0.19828510182207928
16,3,Victor Ortiz,0.0,1.0
16,4,Victor Ortiz,-0.0,1.0
16,5,Victor Ortiz,0.0,1.0
16,6,Victor Ortiz,0.0,0.14389920424403183
16,3,Wynonna Judd,0.0,0.11798828593750797
16,3,Zendaya,0.0,1.0
16,4,Zendaya,0.0,1.0
16,5,Zendaya,0.0,1.0
16,6,Zendaya,0.0,1.0
16,7,Zendaya,0.0,1.0
16,8,Zendaya,0.0,1.0
16,9,Zendaya,0.0,1.0
16,10,Zendaya,0.0,0.9914521294462645
17,2,Amber Riley,0.0,0.9962406015037594
17,3,Amber Riley,0.0,1.0
17,4,Amber Riley,0.0,1.0
17,5,Amber Riley,0.008510638297872353,0.9361702127659574
17,7,Amber Riley,0.0,0.9887133182844244
17,8,Amber Riley,0.0,0.9739583333333334
17,9,Amber Riley,0.015873015873015872,0.9428571428571428
17,10,Amber Riley,0.0,0.9857142857142858
17,11,Amber Riley,0.0,1.0
17,2,Bill Engvall,0.0,0.9962406015037594
17,3,Bill Engvall,0.0,1.0
17,4,Bill Engvall,0.0,1.0
17,5,Bill Engvall,0.01702127659574469,0.9446808510638297
17,7,Bill Engvall,0.009029345372460501,0.9977426636568849
17,8,Bill Engvall,0.015625,0.9895833333333334
17,9,Bill Engvall,0.04444444444444445,0.9714285714285715
17,10,Bill Engvall,0.01428571428571429,1.0
17,11,Bill Engvall,0.0,0.27729228275432016
17,2,Bill Nye,0.0037593984962406013,1.0
17,3,Bill Nye,0.0,0.11907308377896615
17,2,Brant Daugherty,0.0,0.9962406015037594
17,3,Brant Daugherty,0.0,1.0
17,4,Brant Daugherty,0.0,1.0
17,5,Brant Daugherty,0.004255319148936176,0.9319148936170212
17,7,Brant Daugherty,0.0,0.9887133182844244
17,8,Brant Daugherty,0.0,0.1450892857142857
17,2,Christina Milian,0.0,0.9962406015037594
17,3,Christina Milian,0.0,1.0
17,4,Christina Milian,0.0,1.0
17,5,Christina Milian,0.0,0.10307328605200944
17,2,Corbin Bleu,0.0,0.9962406015037594
17,3,Corbin Bleu,0.0,1.0
17,4,Corbin Bleu,0.0,1.0
17,5,Corbin Bleu,0.0,0.927659574468085
17,7,Corbin Bleu,0.0,0.9887133182844244
17,8,Corbin Bleu,0.0,0.9739583333333334
17,9,Corbin Bleu,0.0,0.926984126984127
17,10,Corbin Bleu,0.0,0.9857142857142858
17,11,Corbin Bleu,0.0,1.0
17,2,Elizabeth Berkley Lauren,0.0,0.9962406015037594
17,3,Elizabeth Berkley Lauren,0.0,1.0
17,4,Elizabeth Berkley Lauren,0.0,1.0
17,5,Elizabeth Berkley Lauren,0.008510638297872353,0.9361702127659574
17,7,Elizabeth Berkley Lauren,-0.0,0.9887133182844244
17,8,Elizabeth Berkley Lauren,0.010416666666666657,0.984375
17,9,Elizabeth Berkley Lauren,0.0,0.15555555555555556
17,2,Jack Osbourne,0.0,0.9962406015037594
17,3,Jack Osbourne,0.0,1.0
17,4,Jack Osbourne,0.0,1.0
17,5,Jack Osbourne,0.004255319148936176,0.9319148936170212
17,7,Jack Osbourne,0.0,0.9887133182844244
17,8,Jack Osbourne,0.0,0.9739583333333334
17,9,Jack Osbourne,0.006349206349206354,0.9333333333333333
17,10,Jack Osbourne,0.0,0.9857142857142858
17,11,Jack Osbourne,0.0,1.0
17,2,Keyshawn Johnson,0.0,0.09899749373433585
17,2,Leah Remini,0.0,0.9962406015037594
17,3,Leah Remini,0.0,1.0
17,4,Leah Remini,0.0,1.0
17,5,Leah Remini,0.02553191489361703,0.9531914893617021
17,7,Leah Remini,0.002257336343115132,0.9909706546275395
17,8,Leah Remini,0.0,0.9739583333333334
17,9,Leah Remini,0.006349206349206354,0.9333333333333333
17,10,Leah Remini,0.0,0.2142857142857143
17,2,"Nicole ""Snooki"" Polizzi",0.0,0.9962406015037594
17,3,"Nicole ""Snooki"" Polizzi",0.0,1.0
17,4,"Nicole ""Snooki"" Polizzi",0.0,1.0
17,5,"Nicole ""Snooki"" Polizzi",0.004255319148936176,0.9319148936170212
17,7,"Nicole ""Snooki"" Polizzi",0.0,0.12810383747178328
17,2,Valerie Harper,0.0,0.9962406015037594
17,3,Valerie Harper,-0.0,1.0
17,4,Valerie Harper,0.0,0.12405063291139237
18,2,Amy Purdy,0.0,0.9754098360655737
18,5,Amy Purdy,0.0,0.9813664596273292
18,6,Amy Purdy,0.0,1.0
18,7,Amy Purdy,0.0,1.0
18,8,Amy Purdy,0.0,0.9734513274336283
18,9,Amy Purdy,0.0,0.9895287958115183
18,10,Amy Purdy,0.0,0.973835404268382
18,2,Billy Dee Williams,0.02459016393442623,1.0
18,2,Candace Cameron Bure,0.0,0.9754098360655737
18,5,Candace Cameron Bure,0.0,0.9813664596273292
18,6,Candace Cameron Bure,-0.0,1.0
18,7,Candace Cameron Bure,0.0,1.0
18,8,Candace Cameron Bure,0.008849557522123908,0.9823008849557522
18,9,Candace Cameron Bure,0.010471204188481659,1.0
18,10,Candace Cameron Bure,0.026164595731618,1.0
18,2,Charlie White,0.0,0.9754098360655737
18,5,Charlie White,0.0,0.9813664596273292
18,6,Charlie White,0.0,1.0
18,7,Charlie White,0.0,1.0
18,8,Charlie White,0.0,0.9734513274336283
18,9,Charlie White,0.0,0.20104712041884815
18,2,Cody Simpson,0.0,0.9754098360655737
18,5,Cody Simpson,0.0,0.11663216011042096
18,2,Danica McKellar,0.0,0.9754098360655737
18,5,Danica McKellar,0.0,0.9813664596273292
18,6,Danica McKellar,0.0,1.0
18,7,Danica McKellar,0.0,1.0
18,8,Danica McKellar,0.0,0.16519174041297935
18,2,Diana Nyad,0.0,0.17399403874813713
18,2,Drew Carey,-0.0,0.9754098360655737
18,5,Drew Carey,0.018633540372670815,1.0
18,6,Drew Carey,0.0,0.13652482269503546
18,2,James Maslow,0.0,0.9754098360655737
18,5,James Maslow,0.0,0.9813664596273292
18,6,James Maslow,0.0,1.0
18,7,James Maslow,0.0,1.0
18,8,James Maslow,0.008849557522123908,0.9823008849557522
18,9,James Maslow,-0.0,0.9895287958115183
18,10,James Maslow,0.0,0.24709243509868628
18,2,Meryl Davis,0.0,0.9754098360655737
18,5,Meryl Davis,0.0,0.9813664596273292
18,6,Meryl Davis,0.0,1.0
18,7,Meryl Davis,0.0,1.0
18,8,Meryl Davis,0.008849557522123908,0.9823008849557522
18,9,Meryl Davis,0.0,0.9895287958115183
18,10,Meryl Davis,0.0,0.973835404268382
18,2,NeNe Leakes,0.0,0.9754098360655737
18,5,NeNe Leakes,0.0,0.9813664596273292
18,6,NeNe Leakes,0.0,1.0
18,7,NeNe Leakes,0.0,0.15527950310559002
18,2,Sean Avery,0.0,0.09575260804769004
19,1,Alfonso Ribeiro,0.0,0.9946236559139785
19,2,Alfonso Ribeiro,0.0,0.988950276243094
19,3,Alfonso Ribeiro,0.0,1.0
19,4,Alfonso Ribeiro,0.0,0.96875
19,6,Alfonso Ribeiro,0.0,0.9658703071672355
19,7,Alfonso Ribeiro,0.0,0.9941972920696325
19,8,Alfonso Ribeiro,0.0,1.0
19,9,Alfonso Ribeiro,0.0,0.969626168224299
19,10,Alfonso Ribeiro,0.0,1.0
19,11,Alfonso Ribeiro,0.0,1.0
19,1,Antonio Sabato Jr.,0.0,0.9946236559139785
19,2,Antonio Sabato Jr.,0.0,0.988950276243094
19,3,Antonio Sabato Jr.,0.0,1.0
19,4,Antonio Sabato Jr.,0.0,0.96875
19,6,Antonio Sabato Jr.,0.013651877133105797,0.9795221843003413
19,7,Antonio Sabato Jr.,0.0,0.13588007736943908
19,1,Bethany Mota,0.0,0.9946236559139785
19,2,Bethany Mota,0.0,0.988950276243094
19,3,Bethany Mota,0.0,1.0
19,4,Bethany Mota,0.0,0.96875
19,6,Bethany Mota,0.0,0.9658703071672355
19,7,Bethany Mota,0.0,0.9941972920696325
19,8,Bethany Mota,0.0,1.0
19,9,Bethany Mota,0.0,0.969626168224299
19,10,Bethany Mota,0.0,1.0
19,11,Bethany Mota,0.0,0.2569291192518534
19,1,Betsey Johnson,0.0053763440860215075,1.0
19,2,Betsey Johnson,0.0,0.988950276243094
19,3,Betsey Johnson,0.0,1.0
19,4,Betsey Johnson,0.0,0.109375
19,1,Janel Parrish,0.0,0.9946236559139785
19,2,Janel Parrish,0.0,0.988950276243094
19,3,Janel Parrish,0.0,1.0
19,4,Janel Parrish,0.0,0.96875
19,6,Janel Parrish,0.0,0.9658703071672355
19,7,Janel Parrish,0.0,0.9941972920696325
19,8,Janel Parrish,0.0,1.0
19,9,Janel Parrish,0.0,0.969626168224299
19,10,Janel Parrish,0.0,1.0
19,11,Janel Parrish,0.0,1.0
19,1,Jonathan Bennett,0.0,0.9946236559139785
19,2,Jonathan Bennett,0.0,0.988950276243094
19,3,Jonathan Bennett,0.0,1.0
19,4,Jonathan Bennett,0.015625,0.984375
19,6,Jonathan Bennett,0.0,0.11300720515737576
19,1,Lea Thompson,0.0,0.9946236559139785
19,2,Lea Thompson,0.0,0.988950276243094
19,3,Lea Thompson,0.0,1.0
19,4,Lea Thompson,0.0,0.96875
19,6,Lea Thompson,0.0,0.9658703071672355
19,7,Lea Thompson,0.0,0.9941972920696325
19,8,Lea Thompson,0.0,1.0
19,9,Lea Thompson,0.0,0.16978193146417445
19,1,Lolo Jones,0.0,0.09470636889991728
19,1,Michael Waltrip,0.0,0.9946236559139785
19,2,Michael Waltrip,0.011049723756906077,1.0
19,3,Michael Waltrip,0.0,1.0
19,4,Michael Waltrip,0.012499999999999997,0.98125
19,6,Michael Waltrip,0.006825938566552905,0.9726962457337884
19,7,Michael Waltrip,0.0058027079303674955,1.0
19,8,Michael Waltrip,0.0,0.1849078341013825
19,1,Randy Couture,0.0,0.9946236559139785
19,2,Randy Couture,-0.0,0.988950276243094
19,3,Randy Couture,0.0,0.10816379088333766
19,1,Sadie Robertson,0.0,0.9946236559139785
19,2,Sadie Robertson,0.0,0.988950276243094
19,3,Sadie Robertson,0.0,1.0
19,4,Sadie Robertson,0.0,0.96875
19,6,Sadie Robertson,0.0,0.9658703071672355
19,7,Sadie Robertson,0.0,0.9941972920696325
19,8,Sadie Robertson,0.0,1.0
19,9,Sadie Robertson,0.0,0.969626168224299
19,10,Sadie Robertson,0.0,1.0
19,11,Sadie Robertson,0.0,1.0
19,1,Tavis Smiley,0.0,0.9946236559139785
19,2,Tavis Smiley,0.0,0.08931860036832413
19,1,Tommy Chong,0.0,0.9946236559139785
19,2,Tommy Chong,0.0,0.988950276243094
19,3,Tommy Chong,0.0,1.0
19,4,Tommy Chong,0.0031250000000000028,0.971875
19,6,Tommy Chong,0.013651877133105797,0.9795221843003413
19,7,Tommy Chong,0.0,0.9941972920696325
19,8,Tommy Chong,0.0,1.0
19,9,Tommy Chong,0.030373831775700938,1.0
19,10,Tommy Chong,0.0,0.2301369863013699
20,2,Charlotte McKinney,0.014409221902017294,0.92507204610951
20,3,Charlotte McKinney,0.0,0.11153064188207959
20,2,Chris Soules,0.02881844380403458,0.9394812680115272
20,3,Chris Soules,0.0,1.0
20,4,Chris Soules,0.009230769230769237,0.9938461538461538
20,5,Chris Soules,0.003533568904593637,0.9823321554770318
20,6,Chris Soules,0.0,0.9982332155477032
20,7,Chris Soules,0.031496062992125984,0.9488188976377954
20,8,Chris Soules,0.0,0.2193853427895981
20,2,Michael Sam,0.008645533141210374,0.9193083573487031
20,3,Michael Sam,0.0,1.0
20,4,Michael Sam,0.0,0.10769230769230768
20,2,Nastia Liukin,0.0,0.9106628242074927
20,3,Nastia Liukin,0.0,1.0
20,4,Nastia Liukin,0.0,0.9846153846153846
20,5,Nastia Liukin,0.0,0.9787985865724381
20,6,Nastia Liukin,0.0,0.9982332155477032
20,7,Nastia Liukin,0.0,0.9173228346456694
20,8,Nastia Liukin,0.0,0.9976359338061466
20,9,Nastia Liukin,0.0,0.24522292993630573
20,2,Noah Galloway,0.011527377521613827,0.9221902017291065
20,3,Noah Galloway,0.0,1.0
20,4,Noah Galloway,0.0,0.9846153846153846
20,5,Noah Galloway,0.0,0.9787985865724381
20,6,Noah Galloway,0.0,0.9982332155477032
20,7,Noah Galloway,0.003937007874015741,0.9212598425196852
20,8,Noah Galloway,0.0023640661938534313,1.0
20,9,Noah Galloway,0.01273885350318471,0.9936305732484076
20,2,Patti LaBelle,0.008645533141210374,0.9193083573487031
20,3,Patti LaBelle,-0.0,1.0
20,4,Patti LaBelle,-0.0,0.9846153846153846
20,5,Patti LaBelle,0.003533568904593637,0.9823321554770318
20,6,Patti LaBelle,0.0,0.1298586572438163
20,2,Redfoo,0.0,0.07732949087415947
20,2,Riker Lynch,0.0,0.9106628242074927
20,3,Riker Lynch,0.0,1.0
20,4,Riker Lynch,0.0,0.9846153846153846
20,5,Riker Lynch,0.0,0.9787985865724381
20,6,Riker Lynch,0.0,0.9982332155477032
20,7,Riker Lynch,0.00787401574803151,0.9251968503937009
20,8,Riker Lynch,0.0,0.9976359338061466
20,9,Riker Lynch,-0.0,0.9808917197452229
20,2,Robert Herjavec,0.008645533141210374,0.9193083573487031
20,3,Robert Herjavec,0.0,1.0
20,4,Robert Herjavec,0.0,0.9846153846153846
20,5,Robert Herjavec,0.014134275618374548,0.9929328621908127
20,6,Robert Herjavec,0.0017667844522968185,1.0
20,7,Robert Herjavec,0.031496062992125984,0.9488188976377954
20,8,Robert Herjavec,0.0,0.22316784869976364
20,2,Rumer Willis,0.0,0.9106628242074927
20,3,Rumer Willis,0.0,1.0
20,4,Rumer Willis,0.0,0.9846153846153846
20,5,Rumer Willis,0.0,0.9787985865724381
20,6,Rumer Willis,0.0,0.9982332155477032
20,7,Rumer Willis,0.00787401574803151,0.9251968503937009
20,8,Rumer Willis,0.0,0.9976359338061466
20,9,Rumer Willis,0.006369426751592355,0.9872611464968153
20,2,Suzanne Somers,0.008645533141210374,0.9193083573487031
20,3,Suzanne Somers,0.0,1.0
20,4,Suzanne Somers,0.0061538461538461625,0.9907692307692307
20,5,Suzanne Somers,0.0,0.1232822928936003
20,2,Willow Shields,0.0,0.9106628242074927
20,3,Willow Shields,0.0,1.0
20,4,Willow Shields,0.0,0.9846153846153846
20,5,Willow Shields,0.0,0.9787985865724381
20,6,Willow Shields,0.0,0.9982332155477032
20,7,Willow Shields,0.0,0.13217097862767158
21,2,Alek Skarlatos,0.0,0.9926062846580407
21,4,Alek Skarlatos,0.0,1.0
21,6,Alek Skarlatos,0.0,1.0
21,7,Alek Skarlatos,0.006787330316742071,0.9886877828054299
21,8,Alek Skarlatos,0.0,1.0
21,9,Alek Skarlatos,0.027355623100303955,0.9331306990881458
21,11,Alek Skarlatos,0.016950014364418953,1.0
21,2,Alexa PenaVega,0.0,0.9926062846580407
21,4,Alexa PenaVega,0.0,1.0
21,6,Alexa PenaVega,0.0,1.0
21,7,Alexa PenaVega,0.002262443438914019,0.9841628959276019
21,8,Alexa PenaVega,0.0,1.0
21,9,Alexa PenaVega,0.0,0.1509625126646403
21,2,Andy Grammer,0.0,0.9926062846580407
21,4,Andy Grammer,0.0,1.0
21,6,Andy Grammer,0.0,1.0
21,7,Andy Grammer,0.0,0.9819004524886878
21,8,Andy Grammer,0.0,0.16200359382554794
21,2,Bindi Irwin,0.0,0.9926062846580407
21,4,Bindi Irwin,0.0,1.0
21,6,Bindi Irwin,0.0,1.0
21,7,Bindi Irwin,0.0,0.9819004524886878
21,8,Bindi Irwin,0.0,1.0
21,9,Bindi Irwin,0.0,0.9057750759878419
21,11,Bindi Irwin,0.0,0.983049985635581
21,2,Carlos PenaVega,0.0,0.9926062846580407
21,4,Carlos PenaVega,0.0,1.0
21,6,Carlos PenaVega,0.0,1.0
21,7,Carlos PenaVega,0.0,0.9819004524886878
21,8,Carlos PenaVega,0.0,1.0
21,9,Carlos PenaVega,0.018237082066869303,0.9240121580547113
21,11,Carlos PenaVega,0.0,0.24576249640889525
21,2,Chaka Khan,0.0,0.10551447935921131
21,2,Gary Busey,0.007393715341959338,1.0
21,4,Gary Busey,0.0,0.13220338983050847
21,2,Hayes Grier,0.0,0.9926062846580407
21,4,Hayes Grier,0.0,1.0
21,6,Hayes Grier,0.0,1.0
21,7,Hayes Grier,0.0,0.12330316742081449
21,2,Kim Zolciak-Biermann,-0.0,0.9926062846580407
21,2,Nick Carter,0.0,0.9926062846580407
21,4,Nick Carter,0.0,1.0
21,6,Nick Carter,0.0,1.0
21,7,Nick Carter,0.004524886877828052,0.9864253393665159
21,8,Nick Carter,0.0,1.0
21,9,Nick Carter,0.015197568389057753,0.9209726443768996
21,11,Nick Carter,0.0,0.983049985635581
21,2,Paula Deen,0.0,0.9926062846580407
21,4,Paula Deen,0.0,1.0
21,6,Paula Deen,0.0,0.1455449059282925
21,2,Tamar Braxton,0.0,0.9926062846580407
21,4,Tamar Braxton,0.0,1.0
21,6,Tamar Braxton,0.0,1.0
21,7,Tamar Braxton,0.004524886877828052,0.9864253393665159
21,8,Tamar Braxton,0.0,1.0
21,9,Tamar Braxton,0.033434650455927056,0.939209726443769
21,2,Victor Espinoza,0.0,0.09365372766481822
22,2,Antonio Brown,0.0,1.0
22,3,Antonio Brown,0.0,1.0
22,4,Antonio Brown,0.0,0.9843260188087775
22,6,Antonio Brown,0.0,1.0
22,7,Antonio Brown,0.0,0.9976635514018691
22,8,Antonio Brown,0.017751479289940808,0.9526627218934912
22,9,Antonio Brown,0.0,0.25609756097560976
22,2,Doug Flutie,0.0,1.0
22,3,Doug Flutie,0.0,1.0
22,4,Doug Flutie,0.012539184952978052,0.9968652037617555
22,6,Doug Flutie,0.0,0.1297112090063632
22,2,Geraldo Rivera,0.0,0.11158192090395476
22,2,Ginger Zee,0.0,1.0
22,3,Ginger Zee,0.0,1.0
22,4,Ginger Zee,0.0,0.9843260188087775
22,6,Ginger Zee,0.0,1.0
22,7,Ginger Zee,0.0,0.9976635514018691
22,8,Ginger Zee,0.0,0.9349112426035504
22,9,Ginger Zee,0.013937282229965153,0.9860627177700348
22,2,Jodie Sweetin,0.0,1.0
22,3,Jodie Sweetin,0.0,1.0
22,4,Jodie Sweetin,0.0031347962382445166,0.987460815047022
22,6,Jodie Sweetin,0.0,1.0
22,7,Jodie Sweetin,0.0023364485981308414,1.0
22,8,Jodie Sweetin,0.0,0.15581854043392507
22,2,Kim Fields,0.0,1.0
22,3,Kim Fields,0.0,1.0
22,4,Kim Fields,0.0,0.9843260188087775
22,6,Kim Fields,0.0,1.0
22,7,Kim Fields,0.0,0.1468624833110814
22,2,Marla Maples,0.0,1.0
22,3,Marla Maples,0.0,1.0
22,4,Marla Maples,0.0,0.11222570532915362
22,2,Mischa Barton,0.0,1.0
22,3,Mischa Barton,0.0,0.1058688147295742
22,2,Nyle DiMarco,0.0,1.0
22,3,Nyle DiMarco,0.0,1.0
22,4,Nyle DiMarco,0.0,0.9843260188087775
22,6,Nyle DiMarco,0.0,1.0
22,7,Nyle DiMarco,0.0,0.9976635514018691
22,8,Nyle DiMarco,0.005917159763313612,0.940828402366864
22,9,Nyle DiMarco,0.010452961672473865,0.9825783972125436
22,2,Paige VanZant,0.0,1.0
22,3,Paige VanZant,0.0,1.0
22,4,Paige VanZant,0.0,0.9843260188087775
22,6,Paige VanZant,0.0,1.0
22,7,Paige VanZant,0.0,0.9976635514018691
22,8,Paige VanZant,0.011834319526627196,0.9467455621301775
22,9,Paige VanZant,0.0034843205574912883,0.975609756097561
22,2,Von Miller,0.0,1.0
22,3,Von Miller,0.0,1.0
22,4,Von Miller,0.0,0.9843260188087775
22,6,Von Miller,0.0,1.0
22,7,Von Miller,0.0,0.1468624833110814
22,2,Wanya Morris,0.0,1.0
22,3,Wanya Morris,0.0,1.0
22,4,Wanya Morris,0.0,0.9843260188087775
22,6,Wanya Morris,0.0,1.0
22,7,Wanya Morris,0.0,0.9976635514018691
22,8,Wanya Morris,0.029585798816568032,0.9644970414201184
22,9,Wanya Morris,0.0,0.24303135888501742
23,2,Amber Rose,0.0,0.9943181818181819
23,3,Amber Rose,0.0,1.0
23,4,Amber Rose,0.0,0.9885057471264368
23,6,Amber Rose,0.0,0.13041894353369765
23,2,Babyface,0.0,0.9943181818181819
23,3,Babyface,0.0,1.0
23,4,Babyface,0.0,0.12222222222222222
23,2,Calvin Johnson Jr.,0.0,0.9943181818181819
23,3,Calvin Johnson Jr.,0.0,1.0
23,4,Calvin Johnson Jr.,0.0,0.9885057471264368
23,6,Calvin Johnson Jr.,0.0,1.0
23,7,Calvin Johnson Jr.,0.0,0.9963702359346642
23,8,Calvin Johnson Jr.,0.0,0.9751243533575655
23,9,Calvin Johnson Jr.,0.0,1.0
23,10,Calvin Johnson Jr.,0.013651877133105783,0.9897610921501707
23,11,Calvin Johnson Jr.,0.0,1.0
23,2,Jake T. Austin,0.0,0.08566433566433568
23,2,James Hinchcliffe,0.0,0.9943181818181819
23,3,James Hinchcliffe,0.0,1.0
23,4,James Hinchcliffe,0.0,0.9885057471264368
23,6,James Hinchcliffe,0.0,1.0
23,7,James Hinchcliffe,0.0,0.9963702359346642
23,8,James Hinchcliffe,0.0,0.9751243533575655
23,9,James Hinchcliffe,-0.0,1.0
23,10,James Hinchcliffe,0.0034129692832764458,0.9795221843003413
23,11,James Hinchcliffe,0.0,1.0
23,2,Jana Kramer,0.0,0.9943181818181819
23,3,Jana Kramer,0.0,1.0
23,4,Jana Kramer,0.0,0.9885057471264368
23,6,Jana Kramer,0.0,1.0
23,7,Jana Kramer,0.0,0.9963702359346642
23,8,Jana Kramer,0.0,0.9751243533575655
23,9,Jana Kramer,0.0,1.0
23,10,Jana Kramer,0.0068259385665528916,0.9829351535836177
23,11,Jana Kramer,0.0,0.2667023075441902
23,2,Laurie Hernandez,0.0,0.9943181818181819
23,3,Laurie Hernandez,0.0,1.0
23,4,Laurie Hernandez,0.0,0.9885057471264368
23,6,Laurie Hernandez,0.0,1.0
23,7,Laurie Hernandez,0.0,0.9963702359346642
23,8,Laurie Hernandez,0.0,0.9751243533575655
23,9,Laurie Hernandez,0.0,1.0
23,10,Laurie Hernandez,0.0,0.9761092150170649
23,11,Laurie Hernandez,0.0,1.0
23,2,Marilu Henner,0.0,0.9943181818181819
23,3,Marilu Henner,0.0,1.0
23,4,Marilu Henner,0.007662835249042141,0.9961685823754789
23,6,Marilu Henner,0.0,1.0
23,7,Marilu Henner,0.0036297640653357582,1.0
23,8,Marilu Henner,0.01492538798546067,0.9900497413430263
23,9,Marilu Henner,0.0,0.17474302496328925
23,2,Maureen McCormick,0.0,0.9943181818181819
23,3,Maureen McCormick,0.0,1.0
23,4,Maureen McCormick,0.0,0.9885057471264368
23,6,Maureen McCormick,0.0,1.0
23,7,Maureen McCormick,0.0,0.13021778584392013
23,2,Rick Perry,0.005681818181818177,1.0
23,3,Rick Perry,0.0,0.0958974358974359
23,2,Ryan Lochte,-0.0,0.9943181818181819
23,3,Ryan Lochte,0.0,1.0
23,4,Ryan Lochte,0.0038314176245210635,0.9923371647509579
23,6,Ryan Lochte,0.0,1.0
23,7,Ryan Lochte,0.0,0.9963702359346642
23,8,Ryan Lochte,0.0,0.1563609231736265
23,2,Terra Jole,0.0,0.9943181818181819
23,3,Terra Jole,0.0,1.0
23,4,Terra Jole,0.0,0.9885057471264368
23,6,Terra Jole,0.0,1.0
23,7,Terra Jole,0.0,0.9963702359346642
23,8,Terra Jole,0.009950258656973784,0.9850746120145393
23,9,Terra Jole,0.0,1.0
23,10,Terra Jole,0.0,0.195221843003413
23,2,Vanilla Ice,0.0,0.9943181818181819
23,3,Vanilla Ice,-0.0,1.0
23,4,Vanilla Ice,0.0,0.10498084291187738
24,2,Bonner Bolton,0.0,1.0
24,3,Bonner Bolton,0.0,1.0
24,4,Bonner Bolton,0.0,1.0
24,5,Bonner Bolton,0.006578947368421045,0.9901315789473685
24,6,Bonner Bolton,0.02044609665427509,0.9200743494423792
24,7,Bonner Bolton,0.019762845849802382,0.9841897233201581
24,8,Bonner Bolton,0.0,0.23381088825214896
24,2,Charo,0.0,1.0
24,3,Charo,0.0,0.10562770562770557
24,2,Chris Kattan,0.0,0.09959349593495932
24,2,David Ross,0.0,1.0
24,3,David Ross,0.0,1.0
24,4,David Ross,0.0,1.0
24,5,David Ross,0.009868421052631568,0.993421052631579
24,6,David Ross,0.02230483271375465,0.9219330855018587
24,7,David Ross,0.015810276679841917,0.9802371541501976
24,8,David Ross,0.0,1.0
24,9,David Ross,0.033003300330032986,0.976897689768977
24,2,Erika Jayne,0.0,1.0
24,3,Erika Jayne,0.0,1.0
24,4,Erika Jayne,0.0,1.0
24,5,Erika Jayne,0.0,0.11695906432748536
24,2,Heather Morris,0.0,1.0
24,3,Heather Morris,0.0,1.0
24,4,Heather Morris,0.0,1.0
24,5,Heather Morris,0.0,0.9835526315789475
24,6,Heather Morris,0.0,0.112453531598513
24,2,Mr. T,-0.0,1.0
24,3,Mr. T,-0.0,1.0
24,4,Mr. T,0.0,0.11411042944785274
24,2,Nancy Kerrigan,0.0,1.0
24,3,Nancy Kerrigan,0.0,1.0
24,4,Nancy Kerrigan,0.0,1.0
24,5,Nancy Kerrigan,0.0,0.9835526315789475
24,6,Nancy Kerrigan,0.013011152416356878,0.912639405204461
24,7,Nancy Kerrigan,0.0,0.16864295125164686
24,2,Nick Viall,0.0,1.0
24,3,Nick Viall,0.0,1.0
24,4,Nick Viall,0.0,1.0
24,5,Nick Viall,0.0,0.9835526315789475
24,6,Nick Viall,0.024163568773234195,0.9237918215613383
24,7,Nick Viall,0.0,0.17523056653491437
24,2,Normani,0.0,1.0
24,3,Normani,0.0,1.0
24,4,Normani,0.0,1.0
24,5,Normani,0.0,0.9835526315789475
24,6,Normani,0.0037174721189591198,0.9033457249070632
24,7,Normani,0.0,0.9644268774703557
24,8,Normani,0.0,1.0
24,9,Normani,0.013201320132013195,0.9570957095709571
24,2,Rashad Jennings,0.0,1.0
24,3,Rashad Jennings,0.0,1.0
24,4,Rashad Jennings,0.0,1.0
24,5,Rashad Jennings,0.0,0.9835526315789475
24,6,Rashad Jennings,0.007434944237918212,0.9070631970260223
24,7,Rashad Jennings,0.0,0.9644268774703557
24,8,Rashad Jennings,0.0,1.0
24,9,Rashad Jennings,0.009900990099009854,0.9537953795379539
24,2,Simone Biles,0.0,1.0
24,3,Simone Biles,0.0,1.0
24,4,Simone Biles,0.0,1.0
24,5,Simone Biles,0.0,0.9835526315789475
24,6,Simone Biles,0.009293680297397772,0.9089219330855018
24,7,Simone Biles,0.0,0.9644268774703557
24,8,Simone Biles,0.0,1.0
24,9,Simone Biles,0.0,0.23597359735973597
25,2,Barbara Corcoran,0.0,0.09826325411334551
25,2,Debbie Gibson,0.0,0.08653260207190737
25,2,Derek Fisher,0.005484460694698351,0.9872029250457038
25,4,Derek Fisher,0.0,0.09694733310969471
25,2,Drew Scott,0.0,0.9817184643510055
25,4,Drew Scott,0.0,0.996309963099631
25,5,Drew Scott,0.0,0.9923371647509579
25,6,Drew Scott,0.0,1.0
25,7,Drew Scott,0.0,0.9813953488372092
25,8,Drew Scott,0.012779552715654952,0.9904153354632588
25,9,Drew Scott,0.029629629629629617,0.9814814814814815
25,10,Drew Scott,0.0,0.26021285425353624
25,2,Frankie Muniz,0.0,0.9817184643510055
25,4,Frankie Muniz,0.0,0.996309963099631
25,5,Frankie Muniz,0.0,0.9923371647509579
25,6,Frankie Muniz,0.0,1.0
25,7,Frankie Muniz,0.0,0.9813953488372092
25,8,Frankie Muniz,0.0,0.9776357827476039
25,9,Frankie Muniz,0.018518518518518517,0.9703703703703703
25,10,Frankie Muniz,0.0,1.0
25,2,Jordan Fisher,0.0,0.9817184643510055
25,4,Jordan Fisher,0.0,0.996309963099631
25,5,Jordan Fisher,0.0,0.9923371647509579
25,6,Jordan Fisher,0.0,1.0
25,7,Jordan Fisher,-0.0,0.9813953488372092
25,8,Jordan Fisher,0.0,0.9776357827476039
25,9,Jordan Fisher,0.0,0.951851851851852
25,10,Jordan Fisher,0.0,1.0
25,2,Lindsey Stirling,0.0,0.9817184643510055
25,4,Lindsey Stirling,0.0,0.996309963099631
25,5,Lindsey Stirling,0.0,0.9923371647509579
25,6,Lindsey Stirling,0.0,1.0
25,7,Lindsey Stirling,0.0069767441860465185,0.9883720930232558
25,8,Lindsey Stirling,0.0,0.9776357827476039
25,9,Lindsey Stirling,0.0,0.951851851851852
25,10,Lindsey Stirling,0.0,1.0
25,2,Nick Lachey,0.005484460694698351,0.9872029250457038
25,4,Nick Lachey,0.0036900369003690092,1.0
25,5,Nick Lachey,0.007662835249042141,1.0
25,6,Nick Lachey,0.0,0.1372549019607843
25,2,Nikki Bella,0.0036563071297989053,0.9853747714808044
25,4,Nikki Bella,0.0,0.996309963099631
25,5,Nikki Bella,0.0,0.9923371647509579
25,6,Nikki Bella,0.0,1.0
25,7,Nikki Bella,0.0,0.15614617940199338
25,2,Sasha Pieterse,0.0,0.9817184643510055
25,4,Sasha Pieterse,0.0,0.996309963099631
25,5,Sasha Pieterse,0.0,0.10804597701149429
25,2,Terrell Owens,0.0036563071297989053,0.9853747714808044
25,4,Terrell Owens,0.0,0.996309963099631
25,5,Terrell Owens,0.0,0.9923371647509579
25,6,Terrell Owens,0.0,1.0
25,7,Terrell Owens,0.011627906976744193,0.9930232558139535
25,8,Terrell Owens,0.0,0.17039403620873272
25,2,Vanessa Lachey,0.0,0.9817184643510055
25,4,Vanessa Lachey,0.0,0.996309963099631
25,5,Vanessa Lachey,0.0,0.9923371647509579
25,6,Vanessa Lachey,0.0,1.0
25,7,Vanessa Lachey,0.0,0.1441860465116279
25,2,Victoria Arlen,0.0,0.9817184643510055
25,4,Victoria Arlen,0.0,0.996309963099631
25,5,Victoria Arlen,0.0,0.9923371647509579
25,6,Victoria Arlen,0.0,1.0
25,7,Victoria Arlen,0.0,0.9813953488372092
25,8,Victoria Arlen,0.009584664536741228,0.9872204472843451
25,9,Victoria Arlen,0.0,0.1925925925925926
26,1,Adam Rippon,0.0,0.9904761904761905
26,2,Adam Rippon,0.0,0.9588785046728974
26,3,Adam Rippon,0.0,1.0
26,1,Arike Ogunbowale,0.0,0.9904761904761905
26,2,Arike Ogunbowale,0.0,0.13911882510013354
26,1,Chris Mazdzer,0.0,0.9904761904761905
26,2,Chris Mazdzer,0.007476635514018684,0.966355140186916
26,3,Chris Mazdzer,0.0,0.26777251184834117
26,1,Jamie Anderson,0.0,0.12222222222222218
26,1,Jennie Finch Daigle,0.0,0.9904761904761905
26,2,Jennie Finch Daigle,0.0130841121495327,0.97196261682243
26,3,Jennie Finch Daigle,0.0,0.2819905213270142
26,1,Johnny Damon,0.0,0.12645502645502638
26,1,Josh Norman,0.0,0.9904761904761905
26,2,Josh Norman,0.0130841121495327,0.97196261682243
26,3,Josh Norman,0.0,1.0
26,1,Kareem Abdul-Jabbar,0.009523809523809518,1.0
26,2,Kareem Abdul-Jabbar,0.0,0.15674232309746328
26,1,Mirai Nagasu,0.0,0.9904761904761905
26,2,Mirai Nagasu,0.0,0.9588785046728973
26,3,Mirai Nagasu,0.0,0.26066350710900477
26,1,Tonya Harding,0.0,0.9904761904761905
26,2,Tonya Harding,0.007476635514018684,0.9663551401869159
26,3,Tonya Harding,-0.0,1.0
27,1,Alexis Ren,0.0,0.9862745098039216
27,2,Alexis Ren,0.0,0.9963031423290203
27,3,Alexis Ren,0.0,0.981549815498155
27,4,Alexis Ren,0.0043103448275862155,0.8706896551724138
27,6,Alexis Ren,0.0,0.9606986899563319
27,7,Alexis Ren,0.0,0.9816091954022989
27,8,Alexis Ren,0.0062111801242235865,0.9316770186335404
27,1,Bobby Bones,0.0,0.9862745098039216
27,2,Bobby Bones,0.0,0.9963031423290203
27,3,Bobby Bones,0.0,0.981549815498155
27,4,Bobby Bones,0.025862068965517238,0.8922413793103449
27,6,Bobby Bones,0.008733624454148464,0.9694323144104804
27,7,Bobby Bones,0.0022988505747126436,0.9839080459770115
27,8,Bobby Bones,0.04658385093167702,0.9720496894409938
27,1,Danelle Umstead,0.0,0.9862745098039216
27,2,Danelle Umstead,0.0,0.09827479975354282
27,1,DeMarcus Ware,0.0,0.9862745098039216
27,2,DeMarcus Ware,0.0,0.9963031423290203
27,3,DeMarcus Ware,0.0,0.981549815498155
27,4,DeMarcus Ware,0.017241379310344834,0.8836206896551725
27,6,DeMarcus Ware,0.0,0.9606986899563319
27,7,DeMarcus Ware,0.0,0.14614121510673234
27,1,Evanna Lynch,0.0,0.9862745098039216
27,2,Evanna Lynch,0.0,0.9963031423290203
27,3,Evanna Lynch,0.0,0.981549815498155
27,4,Evanna Lynch,0.008620689655172417,0.875
27,6,Evanna Lynch,0.0,0.9606986899563319
27,7,Evanna Lynch,0.0,0.9816091954022989
27,8,Evanna Lynch,0.0062111801242235865,0.9316770186335404
27,1,Joe Amabile,0.013725490196078438,1.0
27,2,Joe Amabile,0.0036968576709796724,1.0
27,3,Joe Amabile,0.014760147601476009,0.996309963099631
27,4,Joe Amabile,0.04741379310344827,0.9137931034482759
27,6,Joe Amabile,0.008733624454148464,0.9694323144104804
27,7,Joe Amabile,0.016091954022988506,0.9977011494252873
27,8,Joe Amabile,0.0,0.21987577639751554
27,1,John Schneider,0.0,0.9862745098039216
27,2,John Schneider,0.0,0.9963031423290203
27,3,John Schneider,0.0036900369003689953,0.985239852398524
27,4,John Schneider,0.021551724137931036,0.8879310344827587
27,6,John Schneider,0.021834061135371174,0.982532751091703
27,7,John Schneider,0.0,0.14417077175697865
27,1,Juan Pablo Di Pace,0.0,0.9862745098039216
27,2,Juan Pablo Di Pace,0.0,0.9963031423290203
27,3,Juan Pablo Di Pace,0.0,0.981549815498155
27,4,Juan Pablo Di Pace,0.008620689655172417,0.875
27,6,Juan Pablo Di Pace,0.0,0.9606986899563319
27,7,Juan Pablo Di Pace,0.0,0.9816091954022989
27,8,Juan Pablo Di Pace,0.0,0.18509316770186335
27,1,Mary Lou Retton,0.0,0.9862745098039216
27,2,Mary Lou Retton,0.0,0.9963031423290203
27,3,Mary Lou Retton,0.0,0.981549815498155
27,4,Mary Lou Retton,0.0,0.8663793103448276
27,6,Mary Lou Retton,0.0,0.11741872877244056
27,1,Milo Manheim,0.0,0.9862745098039216
27,2,Milo Manheim,0.0,0.9963031423290203
27,3,Milo Manheim,0.0,0.981549815498155
27,4,Milo Manheim,0.0,0.8663793103448276
27,6,Milo Manheim,0.0,0.9606986899563319
27,7,Milo Manheim,0.0,0.9816091954022989
27,8,Milo Manheim,0.015527950310559008,0.9409937888198757
27,1,Nancy McKeon,0.0,0.9862745098039216
27,2,Nancy McKeon,0.0,0.9963031423290203
27,3,Nancy McKeon,0.0,0.10063737001006373
27,1,Nikki Glaser,0.0,0.08521870286576166
27,1,Tinashe,0.0,0.9862745098039216
27,2,Tinashe,0.0,0.9963031423290203
27,3,Tinashe,0.0,0.981549815498155
27,4,Tinashe,0.0,0.08793103448275862
28,2,Ally Brooke,5.801716274252303e-06,0.5647694107575344
28,4,Ally Brooke,4.174779276863809e-12,0.8956347239252078
28,6,Ally Brooke,0.00015034260167492164,0.7234364722380463
28,7,Ally Brooke,8.069196305315116e-09,0.8338537774423916
28,8,Ally Brooke,8.753753946106359e-09,0.8882559634175577
28,9,Ally Brooke,6.225665781228522e-09,0.879988400705596
28,10,Ally Brooke,1.884268884958743e-06,0.9253142743865206
28,2,Hannah Brown,4.217466084655974e-06,0.5933616343653616
28,4,Hannah Brown,7.231993061188057e-12,0.9094366360008287
28,6,Hannah Brown,4.027109122937212e-08,0.7482411760129182
28,7,Hannah Brown,2.1758035488104527e-06,0.9092732029551588
28,8,Hannah Brown,1.1696784066682463e-06,0.9481663127312159
28,9,Hannah Brown,7.90663403127197e-06,0.95832060713435
28,10,Hannah Brown,7.548166320013282e-05,0.9652774378914134
28,2,James Van Der Beek,4.270615287036041e-08,0.612715063579342
28,4,James Van Der Beek,6.541814262316837e-11,0.8700986698415099
28,6,James Van Der Beek,3.311942963030069e-05,0.8204680226181132
28,7,James Van Der Beek,3.1107720804581584e-11,0.7919224995188031
28,8,James Van Der Beek,2.456576940284566e-09,0.8352342972267729
28,9,James Van Der Beek,2.0485105725443456e-11,0.8267881214742914
28,10,James Van Der Beek,1.9007465947804373e-08,0.9056818410320245
28,2,Karamo Brown,4.8326020937409e-06,0.6233091838461878
28,4,Karamo Brown,9.168652974548579e-11,0.9183146826367703
28,6,Karamo Brown,7.866564878000933e-06,0.8388050077374379
28,7,Karamo Brown,1.9154417515897842e-08,0.2699106548563099
28,2,Kate Flannery,4.952668305917088e-07,0.6267283408071401
28,4,Kate Flannery,6.155086878629468e-10,0.9018692303672149
28,6,Kate Flannery,2.386091727425994e-07,0.7928470980175206
28,7,Kate Flannery,3.409198459593375e-11,0.855958962635794
28,8,Kate Flannery,1.5610817641541627e-08,0.2802650094747548
28,2,Kel Mitchell,1.7716691759614202e-05,0.6561033418488292
28,4,Kel Mitchell,3.473408960062006e-11,0.8562065634010133
28,6,Kel Mitchell,5.080129927530339e-06,0.7294018225492764
28,7,Kel Mitchell,2.4365466069463426e-09,0.8323104416016945
28,8,Kel Mitchell,3.7514002450803006e-10,0.883061011981343
28,9,Kel Mitchell,2.98546604951207e-08,0.8728318878926388
28,10,Kel Mitchell,2.8249871807168445e-06,0.9457553563220606
28,2,Lamar Odom,3.7199583519471744e-06,0.6331754358608032
28,4,Lamar Odom,2.4174063185700873e-11,0.359212401586879
28,2,Lauren Alaina,2.85272834517934e-06,0.6154457748481693
28,4,Lauren Alaina,1.1979273346868313e-15,0.9046616145589357
28,6,Lauren Alaina,4.199603547544935e-05,0.6789943994541967
28,7,Lauren Alaina,1.5287320424213945e-08,0.8003178820083865
28,8,Lauren Alaina,9.498920280811991e-10,0.9145630178196766
28,9,Lauren Alaina,1.0161903902648136e-07,0.9144012220013258
28,10,Lauren Alaina,3.67680816925075e-05,0.9302590771967709
28,2,Mary Wilson,1.8787545259587924e-06,0.17735818165990241
28,2,Ray Lewis,4.362390705272774e-06,0.5898213620195852
28,2,Sailor Brinkley-Cook,6.5380064348e-06,0.580492831464777
28,4,Sailor Brinkley-Cook,3.700744333372022e-12,0.8688431778850458
28,6,Sailor Brinkley-Cook,1.2283774339683114e-11,0.0583805042010288
28,2,Sean Spicer,7.7513735068069e-06,0.707602989803631
28,4,Sean Spicer,1.635435372650304e-09,0.8881718102958949
28,6,Sean Spicer,8.433156720656155e-06,0.8575906246011921
28,7,Sean Spicer,7.361628741257656e-05,0.9056524576959228
28,8,Sean Spicer,9.280641574591654e-05,0.938209928217242
28,9,Sean Spicer,0.0005070772358704521,0.9291416444864724
29,2,AJ McLean,8.978189075566989e-07,0.5367949967903768
29,3,AJ McLean,6.777180387336637e-16,0.8619152816483516
29,4,AJ McLean,1.219987377760472e-15,0.8001423317950295
29,5,AJ McLean,1.1521286346931584e-12,0.8792325433526119
29,6,AJ McLean,1.8666741294994382e-13,0.7989128982686254
29,7,AJ McLean,2.277758070244031e-11,0.8409832083947671
29,8,AJ McLean,3.752731673491326e-09,0.8541746590366258
29,9,AJ McLean,3.812990578419072e-09,0.36579208400014707
29,2,Anne Heche,2.040303390467269e-06,0.5065306255743928
29,3,Anne Heche,8.777399808602654e-16,0.8548078366286884
29,4,Anne Heche,1.4361596333770534e-11,0.10006673209584281
29,2,Carole Baskin,3.4129358927023366e-06,0.5293509001095574
29,3,Carole Baskin,2.798325119042e-13,0.17245725170179163
29,2,Charles Oakley,1.429881901614891e-07,0.12819519117066963
29,2,Chrishell Stause,3.058670563156997e-06,0.5954781920296794
29,3,Chrishell Stause,1.3828917338354569e-13,0.7967109338223815
29,4,Chrishell Stause,9.51772963716443e-12,0.7737189667126715
29,5,Chrishell Stause,1.1299496707896624e-13,0.8510440697372289
29,6,Chrishell Stause,2.724672148367747e-10,0.9278808450695024
29,7,Chrishell Stause,6.165516545580034e-09,0.8935889014156909
29,8,Chrishell Stause,7.01109403822059e-08,0.2801004099962547
29,2,Jeannie Mai,2.0995427570719884e-06,0.5552302538652956
29,3,Jeannie Mai,5.385812918309528e-16,0.7745468080907921
29,4,Jeannie Mai,4.155159406749185e-13,0.8707855904880187
29,5,Jeannie Mai,7.465956130093804e-11,0.914354181623929
29,6,Jeannie Mai,2.0755312010419466e-09,0.8737167712343834
29,7,Jeannie Mai,2.359370987065537e-11,0.8973931445545281
29,2,Jesse Metcalfe,1.4505421171495112e-06,0.5795248426935091
29,3,Jesse Metcalfe,8.490278079411871e-18,0.8264033127960245
29,4,Jesse Metcalfe,4.738102438947634e-13,0.8376636772843715
29,5,Jesse Metcalfe,2.9414501967614024e-11,0.3413508724693395
29,2,Johnny Weir,2.642446652808999e-06,0.5494644926135339
29,3,Johnny Weir,2.0793422812093327e-14,0.8280056408937502
29,4,Johnny Weir,3.4912886629966655e-15,0.7754868685107998
29,5,Johnny Weir,3.50477248278236e-13,0.8647899808747916
29,6,Johnny Weir,2.505717807528564e-13,0.8558833617242252
29,7,Johnny Weir,5.897530391930474e-12,0.8872693533513684
29,8,Johnny Weir,1.0922464309789336e-08,0.862070929719976
29,9,Johnny Weir,3.973508380505169e-09,0.8538269442911892
29,10,Johnny Weir,1.8853510210391592e-07,0.4157398925187724
29,2,Justina Machado,1.2284918274075648e-06,0.476434261545927
29,3,Justina Machado,1.0620710110777769e-16,0.8819869612097119
29,4,Justina Machado,3.141011166345257e-10,0.8000198804289321
29,5,Justina Machado,1.4855059652763595e-11,0.8723670033235121
29,6,Justina Machado,6.910681508665275e-12,0.8149571052521598
29,7,Justina Machado,2.9440867205612e-10,0.8300788508213608
29,8,Justina Machado,3.1679769597776482e-09,0.9025972448121939
29,9,Justina Machado,1.465522019937897e-08,0.9071534300127871
29,10,Justina Machado,0.0013145591583359397,0.9220106608460502
29,2,Kaitlyn Bristowe,7.215512653410307e-06,0.49562853438722193
29,3,Kaitlyn Bristowe,3.6408865222212256e-13,0.8587721998155292
29,4,Kaitlyn Bristowe,2.6944559934659084e-15,0.8063838647035122
29,5,Kaitlyn Bristowe,2.7720907928213183e-13,0.8343862950545554
29,6,Kaitlyn Bristowe,1.5869332605054042e-14,0.8718755368160602
29,7,Kaitlyn Bristowe,1.2928568214514998e-15,0.9189201139592216
29,8,Kaitlyn Bristowe,1.9921813881761825e-08,0.9106943514384548
29,9,Kaitlyn Bristowe,7.345332259817645e-08,0.866207373978259
29,10,Kaitlyn Bristowe,3.011933616962747e-07,0.9010187383965687
29,2,Monica Aldama,5.464961728702686e-07,0.5493641365458768
29,3,Monica Aldama,3.6130777898126477e-12,0.8839766895202082
29,4,Monica Aldama,8.381565639723076e-12,0.8036155251556073
29,5,Monica Aldama,3.6838562161460154e-13,0.9116539432357939
29,6,Monica Aldama,1.3856087919197226e-10,0.8124182777791081
29,7,Monica Aldama,9.457361962066341e-11,0.3005827256944169
29,2,Nelly,1.182441544739033e-05,0.5186566009564819
29,3,Nelly,3.380818107304177e-14,0.8328961847839087
29,4,Nelly,1.0894010997284264e-09,0.8049864101798029
29,5,Nelly,1.2269610159178142e-10,0.8915508320375868
29,6,Nelly,7.9127396913462e-09,0.8645976915192767
29,7,Nelly,7.871517376480925e-10,0.9138388819050414
29,8,Nelly,1.7140163545267923e-06,0.879912243052764
29,9,Nelly,3.6477691671226018e-06,0.9221597366251922
29,10,Nelly,0.008454517322066936,0.9250720267768124
29,2,Nev Schulman,2.714949227881423e-06,0.48807188168449767
29,3,Nev Schulman,1.445092373070557e-19,0.8697969683352387
29,4,Nev Schulman,1.5970064613163466e-12,0.9089732444369831
29,5,Nev Schulman,5.023012834087774e-13,0.8874159602206049
29,6,Nev Schulman,5.655203765504711e-12,0.8381603701459422
29,7,Nev Schulman,1.3911353672584691e-11,0.9083755927898043
29,8,Nev Schulman,2.5445576316194583e-11,0.8487355787609974
29,9,Nev Schulman,3.075914795973128e-11,0.8845650389648662
29,10,Nev Schulman,1.7539965099231704e-07,0.8539948212737251
29,2,Skai Jackson,1.898265233610101e-06,0.5339104290164965
29,3,Skai Jackson,4.082685138842319e-13,0.8538893266013995
29,4,Skai Jackson,7.019100033075286e-11,0.8822192699131773
29,5,Skai Jackson,8.54017967123071e-13,0.8446130671889938
29,6,Skai Jackson,9.59688530743551e-10,0.8685771314310731
29,7,Skai Jackson,7.785390095446718e-09,0.8974146417536097
29,8,Skai Jackson,1.9008325008733177e-06,0.9165188802196971
29,9,Skai Jackson,1.2686591228061924e-05,0.929574762686658
29,10,Skai Jackson,6.595182857915128e-06,0.31084922923845276
29,2,Veron Davis,4.463572679617089e-06,0.5401753092138024
29,3,Veron Davis,1.5687339363516155e-14,0.876545543043169
29,4,Veron Davis,5.773548646486012e-12,0.9106020379163909
29,5,Veron Davis,9.846528320936374e-12,0.859266495804897
29,6,Veron Davis,3.026511173962569e-11,0.2141454086171127
30,2,Amanda Kloots,3.5097523028446457e-07,0.542395996455462
30,3,Amanda Kloots,3.9181569024824145e-14,0.8330401174166278
30,4,Amanda Kloots,6.577527595655161e-15,0.7425641531934222
30,5,Amanda Kloots,3.075106081366785e-13,0.8809687827602819
30,6,Amanda Kloots,4.502958786013795e-16,0.8512416450704962
30,7,Amanda Kloots,1.6708766857858497e-15,0.8603921802059251
30,8,Amanda Kloots,9.730591582772846e-11,0.849246108711058
30,9,Amanda Kloots,2.162268094060101e-10,0.8626466160174397
30,2,Brian Austin Green,5.239427975377967e-07,0.5778692846682726
30,3,Brian Austin Green,6.4256255778682954e-12,0.6681776409508675
30,4,Brian Austin Green,6.326119365563446e-11,0.24842722721211008
30,2,Christine Chiu,2.415430953880962e-06,0.5943806304700847
30,3,Christine Chiu,5.595401896389685e-13,0.03223512930953919
30,2,Cody Rigsby,2.903836029991062e-06,0.5021222017963178
30,3,Cody Rigsby,1.3705794379387845e-10,0.8714582572840818
30,4,Cody Rigsby,6.64470450456174e-05,0.8263499227114428
30,5,Cody Rigsby,2.101588666806824e-06,0.9038256231795552
30,6,Cody Rigsby,1.7861252485469504e-06,0.9235201417071821
30,7,Cody Rigsby,8.566052177756187e-06,0.9213903802525042
30,8,Cody Rigsby,0.0005155554706112286,0.9300759031226227
30,9,Cody Rigsby,0.01216665275018818,0.9256161924446403
30,2,Iman Shumpert,1.0436812313174638e-06,0.5194255217799505
30,3,Iman Shumpert,8.071067569892652e-09,0.8095730431342336
30,4,Iman Shumpert,1.4899946404120544e-07,0.8259718871804167
30,5,Iman Shumpert,1.0421961871881391e-07,0.8901112931870941
30,6,Iman Shumpert,3.5512543068078634e-06,0.9382543343003483
30,7,Iman Shumpert,3.546087486492683e-06,0.9514667119831061
30,8,Iman Shumpert,0.0014867308130493185,0.9420263722845946
30,9,Iman Shumpert,0.00371996250097969,0.9584352847845433
30,2,Jimmie Allen,1.7446354108721395e-06,0.5328667951573395
30,3,Jimmie Allen,3.203193408665005e-08,0.7957430516678812
30,4,Jimmie Allen,5.752039622570548e-10,0.8844627263729112
30,5,Jimmie Allen,7.153053248300439e-11,0.84872210961398
30,6,Jimmie Allen,7.480769328498577e-10,0.8858878847917382
30,7,Jimmie Allen,1.4074099630362107e-09,0.9016030297456055
30,8,Jimmie Allen,1.4786327630840585e-08,0.3796957319551156
30,2,JoJo Siwa,9.36439076171788e-07,0.556260218399727
30,3,JoJo Siwa,2.462111713957099e-12,0.805901771992962
30,4,JoJo Siwa,1.442561453504566e-18,0.7935325004363369
30,5,JoJo Siwa,1.6543056255206342e-15,0.8573754758483553
30,6,JoJo Siwa,1.7080275403153612e-13,0.8522615489307951
30,7,JoJo Siwa,2.4480119480461063e-16,0.8350999792119763
30,8,JoJo Siwa,1.6907641045321314e-11,0.8728025401778168
30,9,JoJo Siwa,4.528465395978809e-09,0.8317527409560725
30,2,Kenya Moore,3.109184971381375e-06,0.4881046172962225
30,3,Kenya Moore,3.937686348123636e-11,0.7978758102916508
30,4,Kenya Moore,1.8136096369770186e-07,0.8788761387073443
30,5,Kenya Moore,2.363423026060601e-10,0.9017161607564423
30,6,Kenya Moore,3.640748699657363e-10,0.2783596465130401
30,2,Martin Kove,1.2787024186247336e-06,0.18047994146058247
30,2,Matt James,7.79881775988821e-06,0.5861440363328463
30,3,Matt James,2.8759016434834063e-09,0.8454308703456102
30,4,Matt James,2.507305493479061e-11,0.162735074915681
30,2,Melanie C,1.9223543903317705e-06,0.5210940273987967
30,3,Melanie C,9.559614174542772e-13,0.6011088529628432
30,4,Melanie C,1.3390394857508616e-16,0.7201080072831297
30,5,Melanie C,1.5235078608567394e-17,0.07740299724104209
30,2,Melora Hardin,5.027066224119116e-06,0.4982163916434759
30,3,Melora Hardin,1.6106070987082321e-09,0.876902273331868
30,4,Melora Hardin,4.434109463271041e-14,0.8260453346179476
30,5,Melora Hardin,1.9950023088040126e-14,0.8774339156413925
30,6,Melora Hardin,8.04693605500445e-15,0.8954240663863844
30,7,Melora Hardin,9.757975130354086e-15,0.8778890537060586
30,8,Melora Hardin,2.2858016758199195e-10,0.8926354890262701
30,9,Melora Hardin,3.553525236216669e-09,0.4596642322052841
30,2,"Mike ""The Miz"" Mizanin",1.5429734750922685e-06,0.4583110049511949
30,3,"Mike ""The Miz"" Mizanin",1.4721195930936616e-08,0.7020277417435223
30,4,"Mike ""The Miz"" Mizanin",5.970287915724615e-12,0.7926721833732583
30,5,"Mike ""The Miz"" Mizanin",2.8113816665087333e-10,0.8572741348634213
30,6,"Mike ""The Miz"" Mizanin",6.729649890461547e-10,0.8413014234378049
30,7,"Mike ""The Miz"" Mizanin",2.4702883236708312e-08,0.7490732346292756
30,2,Olivia Jade,1.5991244386939727e-08,0.5168029242946086
30,3,Olivia Jade,3.171163357297431e-13,0.7642253593793276
30,4,Olivia Jade,9.383451181416699e-21,0.7674993849295771
30,5,Olivia Jade,9.27207022048895e-15,0.8025160979553622
30,6,Olivia Jade,5.630529777016075e-14,0.8511740120868599
30,7,Olivia Jade,7.115822433886167e-15,0.8213637515075485
30,8,Olivia Jade,3.829715304454222e-12,0.20410054035831215
30,2,Suni Lee,4.507441925464576e-06,0.5308040467268463
30,3,Suni Lee,1.235112548374352e-09,0.7588655343709535
30,4,Suni Lee,2.5889080386529023e-13,0.821461936133886
30,5,Suni Lee,1.715101963245486e-12,0.8161169620785266
30,6,Suni Lee,3.708422872404155e-13,0.8523563736722638
30,7,Suni Lee,3.0449476399308533e-12,0.8707522582623866
30,8,Suni Lee,8.207217435591186e-09,0.9095976022568188
30,9,Suni Lee,4.0697714130704734e-08,0.22200422945197992
31,1,Charli D'Amelio,2.1926967525042936e-06,0.5092706955322998
31,2,Charli D'Amelio,3.7874277332535523e-13,0.8704895887947739
31,3,Charli D'Amelio,4.066245024587044e-18,0.8714370192349147
31,4,Charli D'Amelio,3.831545563571968e-14,0.8929788932520121
31,5,Charli D'Amelio,1.855857650720235e-13,0.8698650911933169
31,6,Charli D'Amelio,5.068034496405174e-12,0.867311008925946
31,7,Charli D'Amelio,3.6855723719433626e-11,0.8464175414589784
31,8,Charli D'Amelio,1.4778809855273355e-09,0.848368918973163
31,9,Charli D'Amelio,3.6571085623084094e-09,0.8645151124657559
31,1,Cheryl Ladd,8.73183138810731e-08,0.5083591485695255
31,2,Cheryl Ladd,3.950433428450974e-15,0.8066047266038758
31,3,Cheryl Ladd,4.687012148731098e-12,0.1441848161874451
31,1,Daniel Durant,5.456040107126453e-06,0.5048029716060429
31,2,Daniel Durant,8.600853707535572e-15,0.8135747394586341
31,3,Daniel Durant,9.598719738712246e-16,0.7939088266004102
31,4,Daniel Durant,3.04550257356731e-14,0.8355412821076302
31,5,Daniel Durant,1.0389514393861493e-10,0.7824294775799405
31,6,Daniel Durant,1.8119808169468374e-09,0.8748375826580992
31,7,Daniel Durant,8.882102438512263e-08,0.8927450785639652
31,8,Daniel Durant,5.148519853962024e-05,0.8905666800208092
31,9,Daniel Durant,0.00021479904080006726,0.6967602295838994
31,1,Gabby Windey,6.855366474385714e-06,0.4519293067400895
31,2,Gabby Windey,2.7550674180794895e-16,0.746775352033681
31,3,Gabby Windey,2.2186514371079546e-14,0.9304796984702612
31,4,Gabby Windey,1.015629252867028e-17,0.8710441105619415
31,5,Gabby Windey,5.897294100022192e-13,0.8645247131672471
31,6,Gabby Windey,5.531709371096267e-15,0.8555558365327366
31,7,Gabby Windey,3.640565219544817e-10,0.8347318555743791
31,8,Gabby Windey,8.047406292660565e-09,0.8445692284808666
31,9,Gabby Windey,3.6670294897454074e-09,0.8882825774473441
31,1,Heidi D'Amelio,6.905958706430493e-07,0.4472122706176502
31,2,Heidi D'Amelio,1.2605943432975851e-14,0.8003714343445495
31,3,Heidi D'Amelio,1.8771376177216344e-16,0.9132236242038013
31,4,Heidi D'Amelio,4.037169555586678e-18,0.9245291955660648
31,5,Heidi D'Amelio,7.097437208844042e-17,0.8613819170230748
31,6,Heidi D'Amelio,9.152442180138755e-12,0.8754288384037385
31,7,Heidi D'Amelio,1.8859931579932587e-13,0.8863527209852184
31,8,Heidi D'Amelio,2.5975616915436787e-12,0.28622459689968205
31,1,Jason Lewis,1.5899840959424383e-06,0.09169570318029802
31,1,Jessie James Decker,4.576315327471201e-06,0.5003484257906501
31,2,Jessie James Decker,1.7095342537049348e-14,0.850415706193013
31,3,Jessie James Decker,1.900297649303715e-12,0.808027787414488
31,4,Jessie James Decker,7.697941470816429e-11,0.8256368866836449
31,5,Jessie James Decker,7.508696817201096e-10,0.9034340437980772
31,6,Jessie James Decker,1.1113427982472987e-09,0.28307808623774694
31,1,Jordin Sparks,7.405817617071176e-07,0.47052915074250684
31,2,Jordin Sparks,2.4383128152599145e-15,0.8251016992416759
31,3,Jordin Sparks,1.4669097990229106e-14,0.8411739047956893
31,4,Jordin Sparks,8.28035443377909e-15,0.823182973840399
31,5,Jordin Sparks,8.994158019918077e-15,0.7837367744213479
31,6,Jordin Sparks,9.002737990192155e-10,0.9124409011424114
31,7,Jordin Sparks,3.4589525766933064e-12,0.34628861852040876
31,1,Joseph Baena,1.1955852693686335e-06,0.48456352573172806
31,2,Joseph Baena,6.669805248745352e-18,0.7905044580873669
31,3,Joseph Baena,5.399123337351516e-14,0.9216928534897668
31,4,Joseph Baena,5.130876576163854e-13,0.9361333837292833
31,5,Joseph Baena,7.986669810876061e-12,0.13196938299741506
31,1,Sam Champion,6.568771545962757e-06,0.5737045943144702
31,2,Sam Champion,9.991194301975241e-15,0.8422972792929674
31,3,Sam Champion,2.832300722033201e-13,0.8669741390128037
31,4,Sam Champion,7.98443181153546e-13,0.26724727603378534
31,1,Selma Blair,2.0752072613571126e-07,0.5696102146341502
31,2,Selma Blair,2.8856321959909056e-14,0.8747463328901453
31,3,Selma Blair,1.2779355630845217e-14,0.8554231772956216
31,4,Selma Blair,8.269177203063587e-14,0.9040411389218097
31,5,Selma Blair,1.9232965061713204e-13,0.8283587696682184
31,1,Shangela,2.6127496433111006e-06,0.5140519439463648
31,2,Shangela,5.576132874448088e-17,0.8056784292684301
31,3,Shangela,2.82231192007973e-15,0.8897939244694217
31,4,Shangela,2.134149942251189e-16,0.7989011200195444
31,5,Shangela,1.0418483776399688e-13,0.8431962215271682
31,6,Shangela,3.656009252136975e-11,0.8055373849441321
31,7,Shangela,4.245970752615232e-11,0.8885647386911523
31,8,Shangela,5.611693379578311e-09,0.8778876489564699
31,9,Shangela,1.443814510720346e-07,0.8753669374725924
31,1,Teresa Giudice,4.72666661832175e-07,0.48193639141280914
31,2,Teresa Giudice,5.008697805548738e-20,0.11104062711531265
31,1,Trevor Donovan,2.3400915543807717e-06,0.4763069115084249
31,2,Trevor Donovan,1.2662819956496606e-14,0.8034928402475956
31,3,Trevor Donovan,4.9000935274587316e-15,0.8501365849705953
31,4,Trevor Donovan,3.220723493084932e-14,0.8362687754578075
31,5,Trevor Donovan,1.6455620206421076e-09,0.8867658927600819
31,6,Trevor Donovan,4.830800750101599e-10,0.9550523078693315
31,7,Trevor Donovan,8.622368524263207e-08,0.893533031404568
31,8,Trevor Donovan,2.0304938646713636e-05,0.8882953616086285
31,9,Trevor Donovan,2.1984355293770385e-05,0.8988505310070078
31,1,Vinny Guadagnino,1.4812589943941662e-06,0.4952304412889353
31,2,Vinny Guadagnino,6.145551164911182e-18,0.8908245151526365
31,3,Vinny Guadagnino,1.6807979232557142e-14,0.8606301314315695
31,4,Vinny Guadagnino,1.6412008212548595e-09,0.8909924933048422
31,5,Vinny Guadagnino,2.9322597638718743e-11,0.8594019430626972
31,6,Vinny Guadagnino,1.543382546854289e-08,0.8753770382801028
31,7,Vinny Guadagnino,7.95155523229821e-08,0.9334774359409619
31,8,Vinny Guadagnino,3.822307422187222e-06,0.5547304691706563
31,1,Wayne Brady,3.4224572548324144e-06,0.5024741075487055
31,2,Wayne Brady,3.849903284878459e-13,0.8672099511080773
31,3,Wayne Brady,2.1672168998610535e-15,0.8313182410463941
31,4,Wayne Brady,7.282021545891644e-14,0.7929314343656639
31,5,Wayne Brady,8.510376589583988e-14,0.7986422915043955
31,6,Wayne Brady,4.615181940663837e-11,0.8488813496603776
31,7,Wayne Brady,2.208677242180087e-11,0.888419793483866
31,8,Wayne Brady,7.387503527254894e-10,0.8479590239221957
31,9,Wayne Brady,3.6612689883458377e-09,0.8598289802981682
32,1,Adrian Peterson,6.1082986335937464e-06,0.6531357822428634
32,2,Adrian Peterson,5.439617130059025e-11,0.8405610228046826
32,3,Adrian Peterson,1.6447641706355658e-12,0.8480279530562361
32,4,Adrian Peterson,1.2320770413683843e-11,0.0810423724997786
32,1,Alyson Hannigan,5.814785029840364e-06,0.5397089699059271
32,2,Alyson Hannigan,2.9560674733159666e-13,0.7707177072647664
32,3,Alyson Hannigan,1.0242371402594473e-12,0.8305763551524179
32,4,Alyson Hannigan,1.772164024599755e-11,0.8122483606864058
32,5,Alyson Hannigan,4.261454808895596e-07,0.8414955198489003
32,6,Alyson Hannigan,2.515684001928738e-06,0.9060535545196038
32,7,Alyson Hannigan,0.0006227051587102611,0.8706155365948918
32,8,Alyson Hannigan,1.1864684999654652e-05,0.896477072172171
32,9,Alyson Hannigan,1.6696967426979055e-05,0.9752859608329029
32,1,Ariana Madix,9.274280609623658e-06,0.6711879839501945
32,2,Ariana Madix,1.1801356830489232e-13,0.871124695647709
32,3,Ariana Madix,2.987803019785409e-14,0.8112333590517922
32,4,Ariana Madix,8.19513549307592e-11,0.803932295638213
32,5,Ariana Madix,1.8152691460553662e-12,0.9029306045155318
32,6,Ariana Madix,1.2167925285774245e-08,0.7877213260380972
32,7,Ariana Madix,4.1920710805642016e-08,0.7005219243848694
32,8,Ariana Madix,8.54362699379092e-15,0.7960587243285289
32,9,Ariana Madix,2.890703334299044e-14,0.8145128436508381
32,1,Barry Williams,6.256837026292349e-06,0.5296037766022259
32,2,Barry Williams,1.240472667339889e-10,0.8212484956764483
32,3,Barry Williams,4.305151335131469e-18,0.8488684796990277
32,4,Barry Williams,6.168780160192779e-09,0.8257818884117425
32,5,Barry Williams,1.5212032128747444e-08,0.8897138933058816
32,6,Barry Williams,1.7147078479789938e-08,0.8852185860210999
32,7,Barry Williams,1.8724540468688587e-06,0.9093755044241681
32,8,Barry Williams,1.238852942179168e-05,0.3113084477789858
32,1,Charity Lawson,1.5089038170319675e-06,0.5557728646974516
32,2,Charity Lawson,1.6758346750442586e-11,0.8579974085509375
32,3,Charity Lawson,6.426058005392054e-15,0.8097949555899889
32,4,Charity Lawson,2.8255175791900136e-12,0.8324766656024192
32,5,Charity Lawson,6.312071502683102e-12,0.8387154122191826
32,6,Charity Lawson,2.1126168876758e-14,0.7961888166050497
32,7,Charity Lawson,1.626281541241841e-08,0.7742279722623248
32,8,Charity Lawson,3.6045047443204903e-10,0.8887716571096105
32,9,Charity Lawson,1.3296406158874212e-07,0.9140841253742675
32,1,Harry Jowsey,8.48946544415668e-06,0.589452506121164
32,2,Harry Jowsey,4.621355801858998e-10,0.8776432846085563
32,3,Harry Jowsey,1.1873778051481723e-08,0.8857628105043713
32,4,Harry Jowsey,1.248597347820838e-07,0.860127298280674
32,5,Harry Jowsey,6.393544513397943e-08,0.8752759133903084
32,6,Harry Jowsey,5.2472873516627365e-06,0.9230479226560968
32,7,Harry Jowsey,0.00010154540906304115,0.8875301019483339
32,8,Harry Jowsey,0.00015135068775972113,0.9309243600500872
32,9,Harry Jowsey,4.4676962661568784e-05,0.8561233359905199
32,1,Jamie Lynn Spears,1.4350971801488154e-06,0.5195308511058065
32,2,Jamie Lynn Spears,1.1519620000106532e-12,0.07750002800793729
32,1,Jason Mraz,1.986185541106488e-06,0.6287425832174316
32,2,Jason Mraz,2.312995217113392e-11,0.8277539109133106
32,3,Jason Mraz,2.30820474914927e-14,0.8625299525876616
32,4,Jason Mraz,4.389749305127934e-12,0.8646598108588135
32,5,Jason Mraz,4.421241511251901e-12,0.828486611193566
32,6,Jason Mraz,5.461015821009284e-13,0.7322383144934478
32,7,Jason Mraz,3.4993841290432776e-08,0.7247704102669499
32,8,Jason Mraz,3.0776197965910612e-09,0.8976035590170882
32,9,Jason Mraz,4.098599079569303e-08,0.9165415264961194
32,1,Lele Pons,1.0559926451596547e-06,0.4673567306557862
32,2,Lele Pons,3.4558387465962656e-14,0.8623004906368361
32,3,Lele Pons,2.350856730271529e-13,0.8926424416945073
32,4,Lele Pons,2.5396084358114265e-12,0.8740483729706894
32,5,Lele Pons,2.7129398735411026e-11,0.8764514073994933
32,6,Lele Pons,2.402467078931029e-10,0.8234759329981242
32,7,Lele Pons,1.1214447441853869e-10,0.09434723334081349
32,1,Matt Walsh,5.822024627392076e-07,0.0923847941646751
32,1,Mauricio Umansky,2.049827400884519e-05,0.48402723790796914
32,2,Mauricio Umansky,1.1511881648482863e-11,0.889759936181172
32,3,Mauricio Umansky,7.891413982732235e-10,0.8919559934658522
32,4,Mauricio Umansky,1.2554569440496622e-09,0.8039180050593274
32,5,Mauricio Umansky,3.0264113564812754e-07,0.9464212939635137
32,6,Mauricio Umansky,3.591480071743014e-08,0.13970558271582698
32,1,Mira Sorvino,5.609362991120471e-06,0.5460325086284863
32,2,Mira Sorvino,3.27029126909292e-12,0.7576454624867481
32,3,Mira Sorvino,4.103084137207054e-14,0.8398101487122639
32,4,Mira Sorvino,5.844050196206778e-11,0.7484193109313271
32,5,Mira Sorvino,6.34024332197418e-11,0.21675622933563077
32,1,Tyson Beckford,2.385946818581862e-06,0.5204145785197086
32,2,Tyson Beckford,4.3859953706961795e-10,0.7491814018590259
32,3,Tyson Beckford,5.771906086738641e-14,0.28949674068834946
32,1,Xochitl Gomez,7.809614093940106e-07,0.5691675293736791
32,2,Xochitl Gomez,6.162049605741226e-12,0.7953509264994983
32,3,Xochitl Gomez,2.4763177672456045e-13,0.8264928426050822
32,4,Xochitl Gomez,1.7337547921900336e-10,0.7531042402969198
32,5,Xochitl Gomez,2.1841084040925967e-14,0.7718026707133202
32,6,Xochitl Gomez,1.721603789903957e-14,0.8089955021925823
32,7,Xochitl Gomez,5.067267142023649e-09,0.7457364529913786
32,8,Xochitl Gomez,8.034342734497789e-15,0.8219913492869145
32,9,Xochitl Gomez,8.580622202609992e-15,0.8531487131139872
33,2,Anna Delvey,5.4134274589571066e-06,0.10253361250058969
33,2,Brooks Nader,0.00033814991292033703,0.45448214991834074
33,3,Brooks Nader,4.903955572612014e-10,0.7532589329018285
33,4,Brooks Nader,1.8418314169249726e-09,0.16824636537421087
33,2,Chandler Kinney,1.1535390128540498e-05,0.5066900726439554
33,3,Chandler Kinney,5.156384403856936e-10,0.7723451869550496
33,4,Chandler Kinney,2.8222567569369483e-09,0.8279807147552669
33,5,Chandler Kinney,3.3536086917609447e-10,0.9090533592901114
33,6,Chandler Kinney,5.198252879000354e-10,0.7939709490877281
33,7,Chandler Kinney,4.0520293571636844e-11,0.9223249331705463
33,2,Danny Amendola,8.700149602643289e-05,0.5027773859415949
33,3,Danny Amendola,4.947603192841927e-10,0.8873888377515922
33,4,Danny Amendola,1.4013868734938663e-09,0.790911842471521
33,5,Danny Amendola,4.4123856698802385e-10,0.894899189931155
33,6,Danny Amendola,4.567911139865788e-05,0.9004088349418987
33,7,Danny Amendola,2.2359109127484585e-06,0.9687838866208484
33,2,Dwight Howard ,2.7076714022857226e-06,0.4672625557502995
33,3,Dwight Howard ,3.106283875781126e-08,0.8468428918461801
33,4,Dwight Howard ,1.4356195071992647e-06,0.9020413204849543
33,5,Dwight Howard ,5.884826675972936e-06,0.9447845525578668
33,6,Dwight Howard ,0.002668742843704866,0.8958215290984926
33,7,Dwight Howard ,1.3316023085018771e-05,0.8912908966583604
33,2,Eric Roberts,0.013876494427845639,0.6266241847760524
33,3,Eric Roberts,4.5085511369537505e-09,0.20352052060916195
33,2,Ilona Maher,9.403547760755828e-05,0.5880312158699312
33,3,Ilona Maher,5.51215852784877e-09,0.8781987019501107
33,4,Ilona Maher,5.9586311936745964e-08,0.9048174761058462
33,5,Ilona Maher,7.186149223851735e-08,0.935906430076658
33,6,Ilona Maher,6.669333282735257e-05,0.8554172820784739
33,7,Ilona Maher,4.002655908486742e-05,0.9517642409666369
33,2,Jenn Tran,0.0008652927660553952,0.4574444948459745
33,3,Jenn Tran,2.241078085964246e-08,0.8321524317360548
33,4,Jenn Tran,5.655708624281979e-07,0.8658354460304323
33,5,Jenn Tran,5.666235146247948e-07,0.8931615790805624
33,6,Jenn Tran,6.262389416085472e-07,0.13410530343808846
33,2,Joey Graziadei,3.085370931289583e-05,0.4471412038541283
33,3,Joey Graziadei,8.484057694531518e-12,0.8719534022603763
33,4,Joey Graziadei,3.7196914134691205e-10,0.7729364432447777
33,5,Joey Graziadei,2.962240181062499e-11,0.8450424316408102
33,6,Joey Graziadei,1.3861947629222098e-07,0.8095233473734235
33,7,Joey Graziadei,2.492572238622603e-12,0.816868416095497
33,2,Phaedra Parks,3.549061872513861e-06,0.41620396003422827
33,3,Phaedra Parks,4.910677251759418e-09,0.8267007258547125
33,4,Phaedra Parks,4.3543074620667936e-07,0.9289583784560907
33,5,Phaedra Parks,1.2802683431127102e-07,0.5164849228555827
33,2,Reginald VelJohnson,0.008465815397486996,0.429381400457752
33,3,Reginald VelJohnson,7.389892097374329e-09,0.3413772780347105
33,2,Stephen Nedoroscik,4.833893671566952e-05,0.5366132251447938
33,3,Stephen Nedoroscik,2.837141648100955e-11,0.8294286155976891
33,4,Stephen Nedoroscik,6.99890536976063e-10,0.9202098643028549
33,5,Stephen Nedoroscik,3.7959880167286013e-10,0.8426428030528771
33,6,Stephen Nedoroscik,4.725578115419808e-05,0.7251348039136984
33,7,Stephen Nedoroscik,1.9502574332400265e-06,0.9308576154696669
33,2,Tori Spelling,5.996489313948063e-06,0.07636480593416195
34,2,Alix Earle,2.2016629632872655e-05,0.46663257461709
34,3,Alix Earle,3.923837728460069e-12,0.8574225402322221
34,4,Alix Earle,3.249283462058036e-12,0.8332174989780621
34,6,Alix Earle,4.136762948073571e-15,0.8219476669646557
34,7,Alix Earle,1.3150859976918315e-11,0.814144011411001
34,8,Alix Earle,2.36578154611765e-10,0.8470896420891982
34,9,Alix Earle,1.523097405251685e-08,0.9266195348761966
34,10,Alix Earle,8.059134680433408e-06,0.8863542021469479
34,2,Andy Richter,0.0028397958789111916,0.5049655438981183
34,3,Andy Richter,1.6284579986892958e-08,0.8738040426811309
34,4,Andy Richter,3.2278819938909615e-07,0.8713518943673932
34,6,Andy Richter,9.873367459597165e-07,0.9287590339194501
34,7,Andy Richter,5.274725299665666e-06,0.9277342493475594
34,8,Andy Richter,6.289281641742725e-05,0.9399468873205207
34,9,Andy Richter,0.00030050799911313764,0.9748358010261807
34,2,Baron Davis,5.746518955759354e-06,0.07836293256128234
34,2,Corey Feldman,1.216508528881057e-06,0.1286242906502317
34,2,Danielle Fishel,0.0008150716464947951,0.5243536772940246
34,3,Danielle Fishel,5.1782439503149735e-12,0.9026687259395598
34,4,Danielle Fishel,1.651131580020907e-08,0.8644660337376106
34,6,Danielle Fishel,5.024077315281656e-09,0.8365075220373015
34,7,Danielle Fishel,1.6426262391855347e-08,0.9070250529520807
34,8,Danielle Fishel,8.210022965796661e-08,0.4301626254513551
34,2,Dylan Efron,0.00011011469467530478,0.5297392935867996
34,3,Dylan Efron,1.7174739967683296e-12,0.8404472915030567
34,4,Dylan Efron,1.3349510827872505e-09,0.771655762086107
34,6,Dylan Efron,8.04807989549325e-12,0.9279602098181539
34,7,Dylan Efron,5.446201352334133e-12,0.8290460940427323
34,8,Dylan Efron,1.499480708588439e-10,0.8952065579682241
34,9,Dylan Efron,3.385894587418513e-07,0.9031106615541464
34,10,Dylan Efron,3.064059413410564e-06,0.906904335258578
34,2,Elaine Hendrix,6.68827989362923e-06,0.4930200453142755
34,3,Elaine Hendrix,1.518607891440223e-10,0.8444894649770133
34,4,Elaine Hendrix,1.1562506742526336e-10,0.8349360333312021
34,6,Elaine Hendrix,1.0978726429716377e-13,0.8538426766689436
34,7,Elaine Hendrix,8.311761836098631e-11,0.8863438149546312
34,8,Elaine Hendrix,1.3859814622981607e-08,0.9344801028493714
34,9,Elaine Hendrix,2.3204157814511608e-07,0.8884075374783632
34,10,Elaine Hendrix,0.0001345366019461798,0.9391794961167179
34,2,Hilaria Baldwin,0.00010024275021855566,0.5681606305855306
34,3,Hilaria Baldwin,8.630889192499367e-12,0.8411223398978924
34,4,Hilaria Baldwin,5.977252217375581e-13,0.09508342052938801
34,2,Jen Affleck,1.0554882257820656e-06,0.4404921267148609
34,3,Jen Affleck,1.2865866787172065e-11,0.8823470088945482
34,4,Jen Affleck,6.234538628566273e-14,0.8432101679710976
34,6,Jen Affleck,1.9850964376186713e-11,0.9210818330547529
34,7,Jen Affleck,3.0291725344241606e-10,0.21144787210831303
34,2,Jordan Chiles,1.2151075521319749e-05,0.535058478265273
34,3,Jordan Chiles,1.0105958684420418e-12,0.8258834581273929
34,4,Jordan Chiles,1.3466720994390916e-10,0.8064933739854723
34,6,Jordan Chiles,7.90954029339291e-12,0.7935679935270277
34,7,Jordan Chiles,1.3482498573731007e-13,0.8293705869835628
34,8,Jordan Chiles,2.2144847773289916e-13,0.8796139313030946
34,9,Jordan Chiles,4.490637107371516e-10,0.8602095691986206
34,10,Jordan Chiles,3.0785443547887363e-06,0.9027815534040774
34,2,Lauren Jauregui,1.8388439214834337e-05,0.5353319610931007
34,3,Lauren Jauregui,1.3842620290850956e-11,0.1672344607565083
34,2,Robert Irwin,1.1289766805712224e-05,0.48269703575023903
34,3,Robert Irwin,1.3213343923344132e-13,0.8365320087183883
34,4,Robert Irwin,2.077768096567678e-11,0.8692103975959748
34,6,Robert Irwin,1.0561444004595288e-09,0.8320706856889283
34,7,Robert Irwin,5.105389788282757e-10,0.8664288981966668
34,8,Robert Irwin,8.149336423913962e-10,0.9275574494319898
34,9,Robert Irwin,8.962185800137928e-10,0.8734438873365253
34,10,Robert Irwin,2.5259541713031145e-06,0.9382519757681431
34,2,Scott Hoying,0.0018163194800257841,0.5418904476116193
34,3,Scott Hoying,8.705168717342781e-14,0.8822397596783043
34,4,Scott Hoying,8.775030910772541e-11,0.864329311599776
34,6,Scott Hoying,4.619197967353435e-08,0.2246744455215592
34,2,Whitney Leavitt,4.706448594371919e-06,0.520524055875739
34,3,Whitney Leavitt,9.30429656354244e-13,0.8492672830621995
34,4,Whitney Leavitt,1.5102552400337497e-10,0.8515721937455208
34,6,Whitney Leavitt,5.274232457728268e-13,0.8609333636263161
34,7,Whitney Leavitt,1.3349998816002816e-13,0.8235119142046181
34,8,Whitney Leavitt,1.8687209529048803e-11,0.8955072915996073
34,9,Whitney Leavitt,5.593963410612884e-10,0.8593463854683308
34,10,Whitney Leavitt,1.4403936757752319e-10,0.1850172333471255
